Workbook

Sheet Hoja1
D1: Radiación Global Mensual en plano Horizontal (kWh/m^2/día) | P1: Temperatura media mensual (°C)
A2: Ciudad | B2: Longitud (º) | C2: Latitud (º) | D2: Enero | E2: Febrero | F2: Marzo | G2: Abril | H2: Mayo | I2: Junio | J2: Julio | K2: Agosto | L2: Septiembre | M2: Octubre | N2: Noviembre | O2: Diciembre | P2: Enero | Q2: Febrero | R2: Marzo | S2: Abril | T2: Mayo | U2: Junio | V2: Julio | W2: Agosto | X2: Septiembre | Y2: Octubre | Z2: Noviembre | AA2: Diciembre
A3: Albacete | B3: =-(1+51/60+36/3600) -> -1.86 | C3: =38+(59/60)+(51/3600) -> 38.9975 | D3: =Hoja2!D3/Hoja2!$B$105 -> 2.33 | E3: =Hoja2!E3/Hoja2!$B$105 -> 3.06 | F3: =Hoja2!F3/Hoja2!$B$105 -> 4.46 | G3: =Hoja2!G3/Hoja2!$B$105 -> 5.33 | H3: =Hoja2!H3/Hoja2!$B$105 -> 6.48 | I3: =Hoja2!I3/Hoja2!$B$105 -> 7.06 | J3: =Hoja2!J3/Hoja2!$B$105 -> 7.09 | K3: =Hoja2!K3/Hoja2!$B$105 -> 6.28 | ... O3: =Hoja2!O3/Hoja2!$B$105 -> 2 | P3: 5.2 | Q3: 6.5 | R3: 9.4 | S3: 12.2 | T3: 16 | U3: 21.2 | V3: 24.2 | W3: 24 | X3: 19.4 | Y3: 15.1 | Z3: 9 | AA3: 6.2 | AB3: PVGIS - Classic
A4: Alicante | B4: =-(0+28/60+51/3600) -> -0.48083333 | C4: =38+(20/60)+(42/3600) -> 38.345 | D4: =Hoja2!D4/Hoja2!$B$105 -> 2.32 | E4: =Hoja2!E4/Hoja2!$B$105 -> 3.09 | F4: =Hoja2!F4/Hoja2!$B$105 -> 4.34 | G4: =Hoja2!G4/Hoja2!$B$105 -> 5.26 | H4: =Hoja2!H4/Hoja2!$B$105 -> 6.37 | I4: =Hoja2!I4/Hoja2!$B$105 -> 6.89 | J4: =Hoja2!J4/Hoja2!$B$105 -> 6.91 | K4: =Hoja2!K4/Hoja2!$B$105 -> 6.09 | ... O4: =Hoja2!O4/Hoja2!$B$105 -> 2.07 | P4: 12.4 | Q4: 12.8 | R4: 13.8 | S4: 15 | T4: 17.6 | U4: 20.9 | V4: 23.5 | W4: 24.2 | X4: 23 | Y4: 20.1 | Z4: 15.7 | AA4: 13.8
A5: Almería | B5: =-(2+28/60+4/3600) -> -2.4677778 | C5: =36+(50/60)+(24/3600) -> 36.84 | D5: =Hoja2!D5/Hoja2!$B$105 -> 2.49 | E5: =Hoja2!E5/Hoja2!$B$105 -> 3.21 | F5: =Hoja2!F5/Hoja2!$B$105 -> 4.47 | G5: =Hoja2!G5/Hoja2!$B$105 -> 5.29 | H5: =Hoja2!H5/Hoja2!$B$105 -> 6.42 | I5: =Hoja2!I5/Hoja2!$B$105 -> 6.94 | J5: =Hoja2!J5/Hoja2!$B$105 -> 6.89 | K5: =Hoja2!K5/Hoja2!$B$105 -> 6.05 | ... O5: =Hoja2!O5/Hoja2!$B$105 -> 2.18 | P5: 13.6 | Q5: 13.6 | R5: 14.9 | S5: 16.3 | T5: 18.6 | U5: 21.6 | V5: 24.3 | W5: 25 | X5: 23.3 | Y5: 20.4 | Z5: 16.6 | AA5: 14.6
A6: Ávila | B6: =-(4+42/60+1/3600) -> -4.7002778 | C6: =40+39/60+23/3600 -> 40.656389 | D6: =Hoja2!D6/Hoja2!$B$105 -> 2 | E6: =Hoja2!E6/Hoja2!$B$105 -> 2.78 | F6: =Hoja2!F6/Hoja2!$B$105 -> 4.56 | G6: =Hoja2!G6/Hoja2!$B$105 -> 5.24 | H6: =Hoja2!H6/Hoja2!$B$105 -> 6.59 | I6: =Hoja2!I6/Hoja2!$B$105 -> 7.28 | J6: =Hoja2!J6/Hoja2!$B$105 -> 7.39 | K6: =Hoja2!K6/Hoja2!$B$105 -> 6.55 | ... O6: =Hoja2!O6/Hoja2!$B$105 -> 1.6 | P6: 2.4 | Q6: 3.1 | R6: 6 | S6: 8.4 | T6: 12.6 | U6: 18.4 | V6: 21.1 | W6: 20.9 | X6: 16.9 | Y6: 11.4 | Z6: 5.5 | AA6: 3.1
A7: Badajoz | B7: =-(6+58/60+12/3600) -> -6.97 | C7: =38+52/60+42/3600 -> 38.878333 | D7: =Hoja2!D7/Hoja2!$B$105 -> 2.23 | E7: =Hoja2!E7/Hoja2!$B$105 -> 2.88 | F7: =Hoja2!F7/Hoja2!$B$105 -> 4.72 | G7: =Hoja2!G7/Hoja2!$B$105 -> 5.13 | H7: =Hoja2!H7/Hoja2!$B$105 -> 6.61 | I7: =Hoja2!I7/Hoja2!$B$105 -> 7.25 | J7: =Hoja2!J7/Hoja2!$B$105 -> 7.22 | K7: =Hoja2!K7/Hoja2!$B$105 -> 6.65 | ... O7: =Hoja2!O7/Hoja2!$B$105 -> 1.93 | P7: 8.2 | Q7: 9.5 | R7: 12.4 | S7: 14.6 | T7: 18.7 | U7: 23.8 | V7: 25.9 | W7: 26.2 | X7: 22.7 | Y7: 17.7 | Z7: 11.8 | AA7: 8.9
A8: Barcelona | B8: =(2+10/60+11/3600) -> 2.1697222 | C8: =41+23/60+16/3600 -> 41.387778 | D8: =Hoja2!D8/Hoja2!$B$105 -> 1.89 | E8: =Hoja2!E8/Hoja2!$B$105 -> 2.56 | F8: =Hoja2!F8/Hoja2!$B$105 -> 3.91 | G8: =Hoja2!G8/Hoja2!$B$105 -> 4.9 | H8: =Hoja2!H8/Hoja2!$B$105 -> 5.84 | I8: =Hoja2!I8/Hoja2!$B$105 -> 6.55 | J8: =Hoja2!J8/Hoja2!$B$105 -> 6.58 | K8: =Hoja2!K8/Hoja2!$B$105 -> 5.78 | ... O8: =Hoja2!O8/Hoja2!$B$105 -> 1.68 | P8: 9.9 | Q8: 10.1 | R8: 12 | S8: 14.1 | T8: 16.9 | U8: 20.9 | V8: 23.5 | W8: 24.4 | X8: 21.8 | Y8: 18.8 | Z8: 14.1 | AA8: 10.9
A9: Bilbao | B9: =-(2+55/60+24/3600) -> -2.9233333 | C9: =43+15/60+2/3600 -> 43.250556 | D9: =Hoja2!D9/Hoja2!$B$105 -> 1.43 | E9: =Hoja2!E9/Hoja2!$B$105 -> 2.12 | F9: =Hoja2!F9/Hoja2!$B$105 -> 3.5 | G9: =Hoja2!G9/Hoja2!$B$105 -> 4.3 | H9: =Hoja2!H9/Hoja2!$B$105 -> 5.3 | I9: =Hoja2!I9/Hoja2!$B$105 -> 5.86 | J9: =Hoja2!J9/Hoja2!$B$105 -> 5.84 | K9: =Hoja2!K9/Hoja2!$B$105 -> 5.14 | ... O9: =Hoja2!O9/Hoja2!$B$105 -> 1.23 | P9: 7.2 | Q9: 8 | R9: 10.8 | S9: 12.3 | T9: 15.3 | U9: 18.4 | V9: 19.9 | W9: 20.4 | X9: 18.5 | Y9: 15.9 | Z9: 10.9 | AA9: 8
A10: Burgos | B10: =-(3+41/60+59/3600) -> -3.6997222 | C10: =42+20/60+27/3600 -> 42.340833 | D10: =Hoja2!D10/Hoja2!$B$105 -> 1.7 | E10: =Hoja2!E10/Hoja2!$B$105 -> 2.53 | F10: =Hoja2!F10/Hoja2!$B$105 -> 4.06 | G10: =Hoja2!G10/Hoja2!$B$105 -> 4.88 | H10: =Hoja2!H10/Hoja2!$B$105 -> 6.01 | I10: =Hoja2!I10/Hoja2!$B$105 -> 6.67 | J10: =Hoja2!J10/Hoja2!$B$105 -> 6.75 | K10: =Hoja2!K10/Hoja2!$B$105 -> 5.9 | ... O10: =Hoja2!O10/Hoja2!$B$105 -> 1.37 | P10: 3.1 | Q10: 3.7 | R10: 6.9 | S10: 8.6 | T10: 12.3 | U10: 17 | V10: 19.2 | W10: 19.5 | X10: 16.3 | Y10: 11.9 | Z10: 6.4 | AA10: 3.6
A11: Cáceres | B11: =-(6+22/60+14/3600) -> -6.3705556 | C11: =39+28/60+34/3600 -> 39.476111 | D11: =Hoja2!D11/Hoja2!$B$105 -> 2.12 | E11: =Hoja2!E11/Hoja2!$B$105 -> 2.81 | F11: =Hoja2!F11/Hoja2!$B$105 -> 4.62 | G11: =Hoja2!G11/Hoja2!$B$105 -> 5.01 | H11: =Hoja2!H11/Hoja2!$B$105 -> 6.48 | I11: =Hoja2!I11/Hoja2!$B$105 -> 7.2 | J11: =Hoja2!J11/Hoja2!$B$105 -> 7.18 | K11: =Hoja2!K11/Hoja2!$B$105 -> 6.56 | ... O11: =Hoja2!O11/Hoja2!$B$105 -> 1.77 | P11: 6.9 | Q11: 8.1 | R11: 10.8 | S11: 13.1 | T11: 17 | U11: 22.3 | V11: 24.8 | W11: 24.9 | X11: 21.2 | Y11: 16.2 | Z11: 10.2 | AA11: 7.5
A12: Cádiz | B12: =-(6+17/60+33/3600) -> -6.2925 | C12: =36+31/60+46/3600 -> 36.529444 | D12: =Hoja2!D12/Hoja2!$B$105 -> 2.55 | E12: =Hoja2!E12/Hoja2!$B$105 -> 3.16 | F12: =Hoja2!F12/Hoja2!$B$105 -> 4.59 | G12: =Hoja2!G12/Hoja2!$B$105 -> 5.4 | H12: =Hoja2!H12/Hoja2!$B$105 -> 6.76 | I12: =Hoja2!I12/Hoja2!$B$105 -> 7.28 | J12: =Hoja2!J12/Hoja2!$B$105 -> 7.16 | K12: =Hoja2!K12/Hoja2!$B$105 -> 6.53 | ... O12: =Hoja2!O12/Hoja2!$B$105 -> 2.14 | P12: 12.4 | Q12: 12.8 | R12: 14.5 | S12: 15.8 | T12: 18.7 | U12: 22.4 | V12: 24.3 | W12: 24.8 | X12: 22.8 | Y12: 19.6 | Z12: 15.4 | AA12: 13.1
A13: Castellón | B13: =-(0+2/60+9/3600) -> -0.035833333 | C13: =39+59/60+9/3600 -> 39.985833 | D13: =Hoja2!D13/Hoja2!$B$105 -> 1.96 | E13: =Hoja2!E13/Hoja2!$B$105 -> 2.69 | F13: =Hoja2!F13/Hoja2!$B$105 -> 3.88 | G13: =Hoja2!G13/Hoja2!$B$105 -> 4.85 | H13: =Hoja2!H13/Hoja2!$B$105 -> 5.86 | I13: =Hoja2!I13/Hoja2!$B$105 -> 6.38 | J13: =Hoja2!J13/Hoja2!$B$105 -> 6.39 | K13: =Hoja2!K13/Hoja2!$B$105 -> 5.65 | ... O13: =Hoja2!O13/Hoja2!$B$105 -> 1.68 | P13: 11 | Q13: 11.3 | R13: 13.1 | S13: 15 | T13: 17.8 | U13: 21.8 | V13: 24.6 | W13: 25.1 | X13: 22.8 | Y13: 19.8 | Z13: 15.2 | AA13: 11.8
A14: Ceuta | B14: =-(5+18/60+58/3600) -> -5.3161111 | C14: =35+53/60+17/3600 -> 35.888056 | D14: =Hoja2!D14/Hoja2!$B$105 -> 2.53 | E14: =Hoja2!E14/Hoja2!$B$105 -> 3.11 | F14: =Hoja2!F14/Hoja2!$B$105 -> 4.48 | G14: =Hoja2!G14/Hoja2!$B$105 -> 5.27 | H14: =Hoja2!H14/Hoja2!$B$105 -> 6.55 | I14: =Hoja2!I14/Hoja2!$B$105 -> 7.13 | J14: =Hoja2!J14/Hoja2!$B$105 -> 6.85 | K14: =Hoja2!K14/Hoja2!$B$105 -> 6.26 | ... O14: =Hoja2!O14/Hoja2!$B$105 -> 2.16 | P14: 14.3 | Q14: 14.4 | R14: 15 | S14: 15.7 | T14: 17.5 | U14: 20.1 | V14: 21.9 | W14: 22.6 | X14: 21.5 | Y14: 19.6 | Z14: 16.9 | AA14: 15.1
A15: Ciudad Real | B15: =-(3+55/60+38/3600) -> -3.9272222 | C15: =38+59/60+9/3600 -> 38.985833 | D15: =Hoja2!D15/Hoja2!$B$105 -> 2.27 | E15: =Hoja2!E15/Hoja2!$B$105 -> 2.99 | F15: =Hoja2!F15/Hoja2!$B$105 -> 4.62 | G15: =Hoja2!G15/Hoja2!$B$105 -> 5.27 | H15: =Hoja2!H15/Hoja2!$B$105 -> 6.61 | I15: =Hoja2!I15/Hoja2!$B$105 -> 7.22 | J15: =Hoja2!J15/Hoja2!$B$105 -> 7.2 | K15: =Hoja2!K15/Hoja2!$B$105 -> 6.39 | ... O15: =Hoja2!O15/Hoja2!$B$105 -> 1.9 | P15: 5 | Q15: 6.8 | R15: 9.9 | S15: 12.5 | T15: 16.9 | U15: 23 | V15: 26 | W15: 25.8 | X15: 21 | Y15: 15.4 | Z15: 9.1 | AA15: 6
A16: Córdoba | B16: =-(4+46/60+44/3600) -> -4.7788889 | C16: =37+53/60+5/3600 -> 37.884722 | D16: =Hoja2!D16/Hoja2!$B$105 -> 2.44 | E16: =Hoja2!E16/Hoja2!$B$105 -> 3.11 | F16: =Hoja2!F16/Hoja2!$B$105 -> 4.59 | G16: =Hoja2!G16/Hoja2!$B$105 -> 5.18 | H16: =Hoja2!H16/Hoja2!$B$105 -> 6.62 | I16: =Hoja2!I16/Hoja2!$B$105 -> 7.18 | J16: =Hoja2!J16/Hoja2!$B$105 -> 6.97 | K16: =Hoja2!K16/Hoja2!$B$105 -> 6.15 | ... O16: =Hoja2!O16/Hoja2!$B$105 -> 2.03 | P16: 8.7 | Q16: 10.1 | R16: 13.1 | S16: 15.6 | T16: 19.7 | U16: 25.4 | V16: 28.1 | W16: 28.1 | X16: 23.8 | Y16: 18.6 | Z16: 12.7 | AA16: 9.6
A17: Cuenca | B17: =-(2+8/60+2/3600) -> -2.1338889 | C17: =40+4/60+18/3600 -> 40.071667 | D17: =Hoja2!D18/Hoja2!$B$105 -> 2.17 | E17: =Hoja2!E18/Hoja2!$B$105 -> 2.89 | F17: =Hoja2!F18/Hoja2!$B$105 -> 4.47 | G17: =Hoja2!G18/Hoja2!$B$105 -> 5.29 | H17: =Hoja2!H18/Hoja2!$B$105 -> 6.55 | I17: =Hoja2!I18/Hoja2!$B$105 -> 7.08 | J17: =Hoja2!J18/Hoja2!$B$105 -> 7.14 | K17: =Hoja2!K18/Hoja2!$B$105 -> 6.3 | ... O17: =Hoja2!O18/Hoja2!$B$105 -> 1.85 | P17: 3.2 | Q17: 4.5 | R17: 7.6 | S17: 10.1 | T17: 14.2 | U17: 19.8 | V17: 23.1 | W17: 22.9 | X17: 18.2 | Y17: 12.9 | Z17: 7 | AA17: 4
A18: Gerona | B18: =(2+49/60+25/3600) -> 2.8236111 | C18: =41+58/60+54/3600 -> 41.981667 | D18: =Hoja2!D19/Hoja2!$B$105 -> 1.87 | E18: =Hoja2!E19/Hoja2!$B$105 -> 2.54 | F18: =Hoja2!F19/Hoja2!$B$105 -> 3.92 | G18: =Hoja2!G19/Hoja2!$B$105 -> 4.87 | H18: =Hoja2!H19/Hoja2!$B$105 -> 5.8 | I18: =Hoja2!I19/Hoja2!$B$105 -> 6.59 | J18: =Hoja2!J19/Hoja2!$B$105 -> 6.8 | K18: =Hoja2!K19/Hoja2!$B$105 -> 5.82 | ... O18: =Hoja2!O19/Hoja2!$B$105 -> 1.63 | P18: 7.9 | Q18: 8.3 | R18: 11.1 | S18: 13.7 | T18: 17.2 | U18: 21.6 | V18: 24.1 | W18: 24.3 | X18: 20.5 | Y18: 17.1 | Z18: 11.9 | AA18: 8.5
A19: Granada | B19: =-(3+35/60+52/3600) -> -3.5977778 | C19: =37+10/60+35/3600 -> 37.176389 | D19: =Hoja2!D20/Hoja2!$B$105 -> 2.6 | E19: =Hoja2!E20/Hoja2!$B$105 -> 3.25 | F19: =Hoja2!F20/Hoja2!$B$105 -> 4.73 | G19: =Hoja2!G20/Hoja2!$B$105 -> 5.46 | H19: =Hoja2!H20/Hoja2!$B$105 -> 6.75 | I19: =Hoja2!I20/Hoja2!$B$105 -> 7.26 | J19: =Hoja2!J20/Hoja2!$B$105 -> 7.18 | K19: =Hoja2!K20/Hoja2!$B$105 -> 6.27 | ... O19: =Hoja2!O20/Hoja2!$B$105 -> 2.2 | P19: 6.2 | Q19: 7.4 | R19: 10.3 | S19: 12.9 | T19: 17.1 | U19: 23.2 | V19: 26.9 | W19: 26.5 | X19: 21.3 | Y19: 15.69 | Z19: 9.8 | AA19: 7.2
A20: Guadalajara | B20: =-(3+9/60+57/3600) -> -3.1658333 | C20: =40+37/60+48/3600 -> 40.63 | D20: =Hoja2!D21/Hoja2!$B$105 -> 1.99 | E20: =Hoja2!E21/Hoja2!$B$105 -> 2.72 | F20: =Hoja2!F21/Hoja2!$B$105 -> 4.42 | G20: =Hoja2!G21/Hoja2!$B$105 -> 5.15 | H20: =Hoja2!H21/Hoja2!$B$105 -> 6.52 | I20: =Hoja2!I21/Hoja2!$B$105 -> 7.18 | J20: =Hoja2!J21/Hoja2!$B$105 -> 7.27 | K20: =Hoja2!K21/Hoja2!$B$105 -> 6.34 | ... O20: =Hoja2!O21/Hoja2!$B$105 -> 1.64 | P20: 4 | Q20: 5.6 | R20: 8.6 | S20: 11 | T20: 15.4 | U20: 21.2 | V20: 24.4 | W20: 24 | X20: 19.7 | Y20: 14 | Z20: 7.9 | AA20: 4.6
A21: Huelva | B21: =-(6+56/60+58/3600) -> -6.9494444 | C21: =37+15/60+25/3600 -> 37.256944 | D21: =Hoja2!D22/Hoja2!$B$105 -> 2.51 | E21: =Hoja2!E22/Hoja2!$B$105 -> 3.09 | F21: =Hoja2!F22/Hoja2!$B$105 -> 4.59 | G21: =Hoja2!G22/Hoja2!$B$105 -> 5.39 | H21: =Hoja2!H22/Hoja2!$B$105 -> 6.84 | I21: =Hoja2!I22/Hoja2!$B$105 -> 7.24 | J21: =Hoja2!J22/Hoja2!$B$105 -> 7.27 | K21: =Hoja2!K22/Hoja2!$B$105 -> 6.57 | ... O21: =Hoja2!O22/Hoja2!$B$105 -> 2.12 | P21: 10.6 | Q21: 11.7 | R21: 14.1 | S21: 15.8 | T21: 19.1 | U21: 2.7 | V21: 25.4 | W21: 26.1 | X21: 22.7 | Y21: 19.1 | Z21: 14.3 | AA21: 11.6
A22: Huesca | B22: =-(0+24/60+32/3600) -> -0.40888889 | C22: =42+8/60+24/3600 -> 42.14 | D22: =Hoja2!D23/Hoja2!$B$105 -> 1.72 | E22: =Hoja2!E23/Hoja2!$B$105 -> 2.47 | F22: =Hoja2!F23/Hoja2!$B$105 -> 3.84 | G22: =Hoja2!G23/Hoja2!$B$105 -> 4.68 | H22: =Hoja2!H23/Hoja2!$B$105 -> 5.62 | I22: =Hoja2!I23/Hoja2!$B$105 -> 6.31 | J22: =Hoja2!J23/Hoja2!$B$105 -> 6.34 | K22: =Hoja2!K23/Hoja2!$B$105 -> 5.58 | ... O22: =Hoja2!O23/Hoja2!$B$105 -> 1.53 | P22: 5.5 | Q22: 6.5 | R22: 9.5 | S22: 12 | T22: 16.5 | U22: 21.5 | V22: 23.8 | W22: 23.5 | X22: 19.3 | Y22: 15.1 | Z22: 9.2 | AA22: 6
A23: Jaén | B23: =-(3+47/60+22/3600) -> -3.7894444 | C23: =37+45/60+56/3600 -> 37.765556 | D23: =Hoja2!D24/Hoja2!$B$105 -> 2.47 | E23: =Hoja2!E24/Hoja2!$B$105 -> 3.18 | F23: =Hoja2!F24/Hoja2!$B$105 -> 4.72 | G23: =Hoja2!G24/Hoja2!$B$105 -> 5.34 | H23: =Hoja2!H24/Hoja2!$B$105 -> 6.62 | I23: =Hoja2!I24/Hoja2!$B$105 -> 7.18 | J23: =Hoja2!J24/Hoja2!$B$105 -> 7.04 | K23: =Hoja2!K24/Hoja2!$B$105 -> 6.22 | ... O23: =Hoja2!O24/Hoja2!$B$105 -> 2.1 | P23: 7.3 | Q23: 8.7 | R23: 11.7 | S23: 14.1 | T23: 18.1 | U23: 23.7 | V23: 26.8 | W23: 26.7 | X23: 22 | Y23: 16.7 | Z23: 10.8 | AA23: 8
A24: La Coruña | B24: =-(8+23/60+45/3600) -> -8.3958333 | C24: =43+22/60+15/3600 -> 43.370833 | D24: =Hoja2!D17/Hoja2!$B$105 -> 1.43 | E24: =Hoja2!E17/Hoja2!$B$105 -> 2.06 | F24: =Hoja2!F17/Hoja2!$B$105 -> 3.58 | G24: =Hoja2!G17/Hoja2!$B$105 -> 4.08 | H24: =Hoja2!H17/Hoja2!$B$105 -> 4.87 | I24: =Hoja2!I17/Hoja2!$B$105 -> 5.62 | J24: =Hoja2!J17/Hoja2!$B$105 -> 5.32 | K24: =Hoja2!K17/Hoja2!$B$105 -> 4.96 | ... O24: =Hoja2!O17/Hoja2!$B$105 -> 1.11 | P24: 9.3 | Q24: 9.1 | R24: 11 | S24: 12.2 | T24: 14.2 | U24: 16.7 | V24: 18.5 | W24: 19 | X24: 18.3 | Y24: 15.3 | Z24: 11.6 | AA24: 9.7
A25: Las P. de Gran Canaria | B25: =-(15+25/60+48/3600) -> -15.43 | C25: =28+7/60+29/3600 -> 28.124722 | D25: 3.57 | E25: 4.41 | F25: 5.58 | G25: 6.44 | H25: 6.98 | I25: 6.83 | J25: 6.5 | K25: 6.54 | L25: 6 | M25: 4.92 | N25: 3.74 | O25: 3.28 | P25: 17.6 | Q25: 17.1 | R25: 17.3 | S25: 17.6 | T25: 18.5 | U25: 19.9 | V25: 21.2 | W25: 22 | X25: 22.2 | Y25: 21.6 | Z25: 20.4 | AA25: 19 | AB25: NASA
A26: León | B26: =-(5+34/60+18/3600) -> -5.5716667 | C26: =42+35/60+59/3600 -> 42.599722 | D26: =Hoja2!D26/Hoja2!$B$105 -> 1.68 | E26: =Hoja2!E26/Hoja2!$B$105 -> 2.41 | F26: =Hoja2!F26/Hoja2!$B$105 -> 3.9 | G26: =Hoja2!G26/Hoja2!$B$105 -> 4.61 | H26: =Hoja2!H26/Hoja2!$B$105 -> 5.53 | I26: =Hoja2!I26/Hoja2!$B$105 -> 6.26 | J26: =Hoja2!J26/Hoja2!$B$105 -> 6.28 | K26: =Hoja2!K26/Hoja2!$B$105 -> 5.63 | ... O26: =Hoja2!O26/Hoja2!$B$105 -> 1.32 | P26: 3.1 | Q26: 4 | R26: 6.7 | S26: 8.7 | T26: 12.7 | U26: 17.4 | V26: 19.5 | W26: 19.6 | X26: 16.4 | Y26: 11.4 | Z26: 6.2 | AA26: 3.5
A27: Lérida | B27: =(0+37/60+32/3600) -> 0.62555556 | C27: =41+36/60+50/3600 -> 41.613889 | D27: =Hoja2!D27/Hoja2!$B$105 -> 1.82 | E27: =Hoja2!E27/Hoja2!$B$105 -> 2.55 | F27: =Hoja2!F27/Hoja2!$B$105 -> 3.89 | G27: =Hoja2!G27/Hoja2!$B$105 -> 4.8 | H27: =Hoja2!H27/Hoja2!$B$105 -> 5.73 | I27: =Hoja2!I27/Hoja2!$B$105 -> 6.32 | J27: =Hoja2!J27/Hoja2!$B$105 -> 6.38 | K27: =Hoja2!K27/Hoja2!$B$105 -> 5.61 | ... O27: =Hoja2!O27/Hoja2!$B$105 -> 1.59 | P27: 7.2 | Q27: 8.1 | R27: 11.4 | S27: 14 | T27: 18.1 | U27: 22.5 | V27: 24.9 | W27: 25.1 | X27: 20.9 | Y27: 17 | Z27: 11.2 | AA27: 7.6
A28: Logroño | B28: =-(2+26/60+59/3600) -> -2.4497222 | C28: =42+27/60+56/3600 -> 42.465556 | D28: =Hoja2!D28/Hoja2!$B$105 -> 1.65 | E28: =Hoja2!E28/Hoja2!$B$105 -> 2.4 | F28: =Hoja2!F28/Hoja2!$B$105 -> 3.86 | G28: =Hoja2!G28/Hoja2!$B$105 -> 4.66 | H28: =Hoja2!H28/Hoja2!$B$105 -> 5.77 | I28: =Hoja2!I28/Hoja2!$B$105 -> 6.4 | J28: =Hoja2!J28/Hoja2!$B$105 -> 6.41 | K28: =Hoja2!K28/Hoja2!$B$105 -> 5.66 | ... O28: =Hoja2!O28/Hoja2!$B$105 -> 1.39 | P28: 5.9 | Q28: 6.5 | R28: 9.3 | S28: 11.4 | T28: 15.3 | U28: 19.4 | V28: 21.4 | W28: 21.8 | X28: 18.6 | Y28: 15 | Z28: 9.1 | AA28: 6
A29: Lugo | B29: =-(7+33/60+21/3600) -> -7.5558333 | C29: =43+0/60+43/3600 -> 43.011944 | D29: =Hoja2!D29/Hoja2!$B$105 -> 1.56 | E29: =Hoja2!E29/Hoja2!$B$105 -> 2.2 | F29: =Hoja2!F29/Hoja2!$B$105 -> 3.68 | G29: =Hoja2!G29/Hoja2!$B$105 -> 4.22 | H29: =Hoja2!H29/Hoja2!$B$105 -> 5.04 | I29: =Hoja2!I29/Hoja2!$B$105 -> 5.78 | J29: =Hoja2!J29/Hoja2!$B$105 -> 5.6 | K29: =Hoja2!K29/Hoja2!$B$105 -> 5.19 | ... O29: =Hoja2!O29/Hoja2!$B$105 -> 1.24 | P29: 6.2 | Q29: 6.4 | R29: 8.8 | S29: 10 | T29: 12.7 | U29: 16.5 | V29: 17.6 | W29: 18.3 | X29: 16.8 | Y29: 13.4 | Z29: 8.7 | AA29: 6.4
A30: Madrid | B30: =-(3+42/60+1/3600) -> -3.7002778 | C30: =40+25/60+0/3600 -> 40.416667 | D30: =Hoja2!D30/Hoja2!$B$105 -> 2 | E30: =Hoja2!E30/Hoja2!$B$105 -> 2.73 | F30: =Hoja2!F30/Hoja2!$B$105 -> 4.48 | G30: =Hoja2!G30/Hoja2!$B$105 -> 5.17 | H30: =Hoja2!H30/Hoja2!$B$105 -> 6.58 | I30: =Hoja2!I30/Hoja2!$B$105 -> 7.24 | J30: =Hoja2!J30/Hoja2!$B$105 -> 7.32 | K30: =Hoja2!K30/Hoja2!$B$105 -> 6.41 | ... O30: =Hoja2!O30/Hoja2!$B$105 -> 1.64 | P30: 4.1 | Q30: 5.5 | R30: 9.1 | S30: 11.6 | T30: 16.3 | U30: 22.5 | V30: 25.3 | W30: 24.8 | X30: 20.4 | Y30: 14.1 | Z30: 8.2 | AA30: 4.7
A31: Málaga | B31: =-(4+25/60+12/3600) -> -4.42 | C31: =36+43/60+10/3600 -> 36.719444 | D31: =Hoja2!D31/Hoja2!$B$105 -> 2.49 | E31: =Hoja2!E31/Hoja2!$B$105 -> 3.13 | F31: =Hoja2!F31/Hoja2!$B$105 -> 4.4 | G31: =Hoja2!G31/Hoja2!$B$105 -> 5.17 | H31: =Hoja2!H31/Hoja2!$B$105 -> 6.46 | I31: =Hoja2!I31/Hoja2!$B$105 -> 7.11 | J31: =Hoja2!J31/Hoja2!$B$105 -> 6.88 | K31: =Hoja2!K31/Hoja2!$B$105 -> 6.04 | ... O31: =Hoja2!O31/Hoja2!$B$105 -> 2.07 | P31: 12.5 | Q31: 13.3 | R31: 14.5 | S31: 15.6 | T31: 17.9 | U31: 20.9 | V31: 23.7 | W31: 24.2 | X31: 22.1 | Y31: 19.1 | Z31: 15.5 | AA31: 13.4
A32: Melilla | B32: =-(2+56/60+19/3600) -> -2.9386111 | C32: =35+17/60+32/3600 -> 35.292222 | D32: =Hoja2!D32/Hoja2!$B$105 -> 2.61 | E32: =Hoja2!E32/Hoja2!$B$105 -> 3.34 | F32: =Hoja2!F32/Hoja2!$B$105 -> 4.53 | G32: =Hoja2!G32/Hoja2!$B$105 -> 5.37 | H32: =Hoja2!H32/Hoja2!$B$105 -> 6.53 | I32: =Hoja2!I32/Hoja2!$B$105 -> 7.01 | J32: =Hoja2!J32/Hoja2!$B$105 -> 6.89 | K32: =Hoja2!K32/Hoja2!$B$105 -> 6.05 | ... O32: =Hoja2!O32/Hoja2!$B$105 -> 2.37 | P32: 13.3 | Q32: 13.6 | R32: 14.7 | S32: 15.9 | T32: 18 | U32: 21.1 | V32: 23.2 | W32: 24.2 | X32: 22.5 | Y32: 20.1 | Z32: 16.7 | AA32: 14.5
A33: Murcia | B33: =-(1+7/60+47/3600) -> -1.1297222 | C33: =37+59/60+0/3600 -> 37.983333 | D33: =Hoja2!D33/Hoja2!$B$105 -> 2.44 | E33: =Hoja2!E33/Hoja2!$B$105 -> 3.21 | F33: =Hoja2!F33/Hoja2!$B$105 -> 4.55 | G33: =Hoja2!G33/Hoja2!$B$105 -> 5.41 | H33: =Hoja2!H33/Hoja2!$B$105 -> 6.48 | I33: =Hoja2!I33/Hoja2!$B$105 -> 7 | J33: =Hoja2!J33/Hoja2!$B$105 -> 7.05 | K33: =Hoja2!K33/Hoja2!$B$105 -> 6.15 | ... O33: =Hoja2!O33/Hoja2!$B$105 -> 2.16 | P33: 10.5 | Q33: 11.1 | R33: 13.3 | S33: 15.7 | T33: 19.1 | U33: 23.3 | V33: 25.7 | W33: 25.8 | X33: 22.9 | Y33: 19.5 | Z33: 14.5 | AA33: 11.2
A34: Orense | B34: =-(7+51/60+52/3600) -> -7.8644444 | C34: =42+20/60+23/3600 -> 42.339722 | D34: =Hoja2!D34/Hoja2!$B$105 -> 1.69 | E34: =Hoja2!E34/Hoja2!$B$105 -> 2.33 | F34: =Hoja2!F34/Hoja2!$B$105 -> 3.86 | G34: =Hoja2!G34/Hoja2!$B$105 -> 4.46 | H34: =Hoja2!H34/Hoja2!$B$105 -> 5.37 | I34: =Hoja2!I34/Hoja2!$B$105 -> 6.22 | J34: =Hoja2!J34/Hoja2!$B$105 -> 6 | K34: =Hoja2!K34/Hoja2!$B$105 -> 5.56 | ... O34: =Hoja2!O34/Hoja2!$B$105 -> 1.29 | P34: 7 | Q34: 8.5 | R34: 11.8 | S34: 13.8 | T34: 17.4 | U34: 22.2 | V34: 23.8 | W34: 24.3 | X34: 21.3 | Y34: 16.5 | Z34: 10.8 | AA34: 7.7
A35: Oviedo | B35: =-(5+50/60+41/3600) -> -5.8447222 | C35: =43+21/60+37/3600 -> 43.360278 | D35: =Hoja2!D35/Hoja2!$B$105 -> 1.51 | E35: =Hoja2!E35/Hoja2!$B$105 -> 2.09 | F35: =Hoja2!F35/Hoja2!$B$105 -> 3.44 | G35: =Hoja2!G35/Hoja2!$B$105 -> 4.07 | H35: =Hoja2!H35/Hoja2!$B$105 -> 4.85 | I35: =Hoja2!I35/Hoja2!$B$105 -> 5.34 | J35: =Hoja2!J35/Hoja2!$B$105 -> 5.23 | K35: =Hoja2!K35/Hoja2!$B$105 -> 4.73 | ... O35: =Hoja2!O35/Hoja2!$B$105 -> 1.23 | P35: 6.9 | Q35: 7.7 | R35: 10.7 | S35: 11.9 | T35: 15.1 | U35: 19.2 | V35: 20.6 | W35: 20.6 | X35: 18.4 | Y35: 15.2 | Z35: 10.4 | AA35: 7.6
A36: Palencia | B36: =-(4+31/60+52/3600) -> -4.5311111 | C36: =42+0/60+44/3600 -> 42.012222 | D36: =Hoja2!D36/Hoja2!$B$105 -> 1.71 | E36: =Hoja2!E36/Hoja2!$B$105 -> 2.55 | F36: =Hoja2!F36/Hoja2!$B$105 -> 4.1 | G36: =Hoja2!G36/Hoja2!$B$105 -> 4.91 | H36: =Hoja2!H36/Hoja2!$B$105 -> 6 | I36: =Hoja2!I36/Hoja2!$B$105 -> 6.72 | J36: =Hoja2!J36/Hoja2!$B$105 -> 6.8 | K36: =Hoja2!K36/Hoja2!$B$105 -> 5.99 | ... O36: =Hoja2!O36/Hoja2!$B$105 -> 1.33 | P36: 3.5 | Q36: 4.4 | R36: 7.4 | S36: 9.5 | T36: 13.5 | U36: 18.5 | V36: 20.5 | W36: 20.6 | X36: 17.2 | Y36: 12.4 | Z36: 6.9 | AA36: 3.7
A37: Palma de Mallorca | B37: =2+38/60+59/3600 -> 2.6497222 | C37: =39+34/60+10/3600 -> 39.569444 | D37: =Hoja2!D37/Hoja2!$B$105 -> 2.06 | E37: =Hoja2!E37/Hoja2!$B$105 -> 2.73 | F37: =Hoja2!F37/Hoja2!$B$105 -> 4.01 | G37: =Hoja2!G37/Hoja2!$B$105 -> 5.12 | H37: =Hoja2!H37/Hoja2!$B$105 -> 6.18 | I37: =Hoja2!I37/Hoja2!$B$105 -> 6.72 | J37: =Hoja2!J37/Hoja2!$B$105 -> 6.73 | K37: =Hoja2!K37/Hoja2!$B$105 -> 5.93 | ... O37: =Hoja2!O37/Hoja2!$B$105 -> 1.81 | P37: 11 | Q37: 10.9 | R37: 12.7 | S37: 15.2 | T37: 18.3 | U37: 22.2 | V37: 25 | W37: 25.5 | X37: 22.5 | Y37: 19.7 | Z37: 15.3 | AA37: 12.2
A38: Pamplona | B38: =-(1+38/60+39/3600) -> -1.6441667 | C38: =42+49/60+4/3600 -> 42.817778 | D38: =Hoja2!D38/Hoja2!$B$105 -> 1.56 | E38: =Hoja2!E38/Hoja2!$B$105 -> 2.33 | F38: =Hoja2!F38/Hoja2!$B$105 -> 3.7 | G38: =Hoja2!G38/Hoja2!$B$105 -> 4.59 | H38: =Hoja2!H38/Hoja2!$B$105 -> 5.55 | I38: =Hoja2!I38/Hoja2!$B$105 -> 6.28 | J38: =Hoja2!J38/Hoja2!$B$105 -> 6.26 | K38: =Hoja2!K38/Hoja2!$B$105 -> 5.57 | ... O38: =Hoja2!O38/Hoja2!$B$105 -> 1.38 | P38: 4.9 | Q38: 5.5 | R38: 8.5 | S38: 10.7 | T38: 14.5 | U38: 18.6 | V38: 20.5 | W38: 21 | X38: 17.7 | Y38: 14.1 | Z38: 8.4 | AA38: 5.2
A39: Pontevedra | B39: =-(8+38/60+53/3600) -> -8.6480556 | C39: =42+26/60+1/3600 -> 42.433611 | D39: =Hoja2!D39/Hoja2!$B$105 -> 1.74 | E39: =Hoja2!E39/Hoja2!$B$105 -> 2.4 | F39: =Hoja2!F39/Hoja2!$B$105 -> 3.92 | G39: =Hoja2!G39/Hoja2!$B$105 -> 4.68 | H39: =Hoja2!H39/Hoja2!$B$105 -> 5.6 | I39: =Hoja2!I39/Hoja2!$B$105 -> 6.51 | J39: =Hoja2!J39/Hoja2!$B$105 -> 6.06 | K39: =Hoja2!K39/Hoja2!$B$105 -> 5.78 | ... O39: =Hoja2!O39/Hoja2!$B$105 -> 1.31 | P39: 9.6 | Q39: 9.7 | R39: 11.8 | S39: 13.3 | T39: 15.5 | U39: 18.1 | V39: 20 | W39: 20.4 | X39: 19.6 | Y39: 16.1 | Z39: 12 | AA39: 10.1
A40: Salamanca | B40: =-(5+39/60+46/3600) -> -5.6627778 | C40: =40+57/60+53/3600 -> 40.964722 | D40: =Hoja2!D40/Hoja2!$B$105 -> 1.9 | E40: =Hoja2!E40/Hoja2!$B$105 -> 2.69 | F40: =Hoja2!F40/Hoja2!$B$105 -> 4.41 | G40: =Hoja2!G40/Hoja2!$B$105 -> 4.96 | H40: =Hoja2!H40/Hoja2!$B$105 -> 6.3 | I40: =Hoja2!I40/Hoja2!$B$105 -> 7.15 | J40: =Hoja2!J40/Hoja2!$B$105 -> 7.21 | K40: =Hoja2!K40/Hoja2!$B$105 -> 6.47 | ... O40: =Hoja2!O40/Hoja2!$B$105 -> 1.46 | P40: 3.5 | Q40: 4.6 | R40: 7.8 | S40: 9.8 | T40: 13.9 | U40: 19.3 | V40: 21.6 | W40: 21.6 | X40: 17.9 | Y40: 12.5 | Z40: 7.1 | AA40: 4.2
A41: San Sebastián | B41: =-(1+59/60+4/3600) -> -1.9844444 | C41: =43+19/60+14/3600 -> 43.320556 | D41: =Hoja2!D41/Hoja2!$B$105 -> 1.41 | E41: =Hoja2!E41/Hoja2!$B$105 -> 2.13 | F41: =Hoja2!F41/Hoja2!$B$105 -> 3.45 | G41: =Hoja2!G41/Hoja2!$B$105 -> 4.34 | H41: =Hoja2!H41/Hoja2!$B$105 -> 5.3 | I41: =Hoja2!I41/Hoja2!$B$105 -> 5.91 | J41: =Hoja2!J41/Hoja2!$B$105 -> 5.88 | K41: =Hoja2!K41/Hoja2!$B$105 -> 5.23 | ... O41: =Hoja2!O41/Hoja2!$B$105 -> 1.25 | P41: 7.7 | Q41: 8 | R41: 10.9 | S41: 12.6 | T41: 15.4 | U41: 18.5 | V41: 20 | W41: 20.6 | X41: 18.9 | Y41: 16.1 | Z41: 11.2 | AA41: 8.4
A42: Santa Cruz de Tenerife | B42: =-(16+15/60+17/3600) -> -16.254722 | C42: =28+28/60+11/3600 -> 28.469722 | D42: 3.69 | E42: 4.59 | F42: 5.71 | G42: 6.68 | H42: 7.29 | I42: 7.25 | J42: 6.9 | K42: 6.8 | L42: 6.26 | M42: 5.01 | N42: 3.88 | O42: 3.38 | P42: 17.6 | Q42: 17.1 | R42: 17.3 | S42: 17.6 | T42: 18.5 | U42: 20 | V42: 21.2 | W42: 22.1 | X42: 22.3 | Y42: 21.7 | Z42: 20.5 | AA42: 19
A43: Santander | B43: =3+48/60+28/3600 -> 3.8077778 | C43: =43+27/60+39/3600 -> 43.460833 | D43: =Hoja2!D43/Hoja2!$B$105 -> 1.42 | E43: =Hoja2!E43/Hoja2!$B$105 -> 2.06 | F43: =Hoja2!F43/Hoja2!$B$105 -> 3.45 | G43: =Hoja2!G43/Hoja2!$B$105 -> 4.17 | H43: =Hoja2!H43/Hoja2!$B$105 -> 5.12 | I43: =Hoja2!I43/Hoja2!$B$105 -> 5.55 | J43: =Hoja2!J43/Hoja2!$B$105 -> 5.55 | K43: =Hoja2!K43/Hoja2!$B$105 -> 4.9 | ... O43: =Hoja2!O43/Hoja2!$B$105 -> 1.22 | P43: 7.8 | Q43: 8.6 | R43: 11.3 | S43: 12.2 | T43: 14.8 | U43: 17.4 | V43: 18.5 | W43: 18.8 | X43: 17.9 | Y43: 15.8 | Z43: 11.3 | AA43: 8.8
A44: Segovia | B44: =-(4+7/60+9/3600) -> -4.1191667 | C44: =40+56/60+57/3600 -> 40.949167 | D44: =Hoja2!D44/Hoja2!$B$105 -> 1.94 | E44: =Hoja2!E44/Hoja2!$B$105 -> 2.72 | F44: =Hoja2!F44/Hoja2!$B$105 -> 4.44 | G44: =Hoja2!G44/Hoja2!$B$105 -> 5.22 | H44: =Hoja2!H44/Hoja2!$B$105 -> 6.48 | I44: =Hoja2!I44/Hoja2!$B$105 -> 7.24 | J44: =Hoja2!J44/Hoja2!$B$105 -> 7.38 | K44: =Hoja2!K44/Hoja2!$B$105 -> 6.47 | ... O44: =Hoja2!O44/Hoja2!$B$105 -> 1.56 | P44: 2.9 | Q44: 3.2 | R44: 6.6 | S44: 9.2 | T44: 13.8 | U44: 19.7 | V44: 22.5 | W44: 22.2 | X44: 18 | Y44: 12.5 | Z44: 6.1 | AA44: 3.4
A45: Sevilla | B45: =-(5+59/60+46/3600) -> -5.9961111 | C45: =37+22/60+57/3600 -> 37.3825 | D45: =Hoja2!D45/Hoja2!$B$105 -> 2.44 | E45: =Hoja2!E45/Hoja2!$B$105 -> 3.08 | F45: =Hoja2!F45/Hoja2!$B$105 -> 4.57 | G45: =Hoja2!G45/Hoja2!$B$105 -> 5.24 | H45: =Hoja2!H45/Hoja2!$B$105 -> 6.75 | I45: =Hoja2!I45/Hoja2!$B$105 -> 7.26 | J45: =Hoja2!J45/Hoja2!$B$105 -> 7.04 | K45: =Hoja2!K45/Hoja2!$B$105 -> 6.35 | ... O45: =Hoja2!O45/Hoja2!$B$105 -> 2.07 | P45: 10.5 | Q45: 11.5 | R45: 14 | S45: 16.1 | T45: 19.5 | U45: 24.7 | V45: 26.8 | W45: 27.2 | X45: 23.5 | Y45: 19.2 | Z45: 14.1 | AA45: 11.6
A46: Soria | B46: =-(2+27/60+53/3600) -> -2.4647222 | C46: =41+45/60+48/3600 -> 41.763333 | D46: =Hoja2!D46/Hoja2!$B$105 -> 1.88 | E46: =Hoja2!E46/Hoja2!$B$105 -> 2.67 | F46: =Hoja2!F46/Hoja2!$B$105 -> 4.26 | G46: =Hoja2!G46/Hoja2!$B$105 -> 5.13 | H46: =Hoja2!H46/Hoja2!$B$105 -> 6.35 | I46: =Hoja2!I46/Hoja2!$B$105 -> 6.96 | J46: =Hoja2!J46/Hoja2!$B$105 -> 7 | K46: =Hoja2!K46/Hoja2!$B$105 -> 6.1 | ... O46: =Hoja2!O46/Hoja2!$B$105 -> 1.56 | P46: 2.3 | Q46: 3.1 | R46: 5.8 | S46: 8.2 | T46: 12.3 | U46: 17.7 | V46: 20.5 | W46: 20.6 | X46: 16.1 | Y46: 11.6 | Z46: 5.4 | AA46: 2.9
A47: Tarragona | B47: =(1+14/60+43/3600) -> 1.2452778 | C47: =41+7/60+7/3600 -> 41.118611 | D47: =Hoja2!D47/Hoja2!$B$105 -> 1.89 | E47: =Hoja2!E47/Hoja2!$B$105 -> 2.58 | F47: =Hoja2!F47/Hoja2!$B$105 -> 3.92 | G47: =Hoja2!G47/Hoja2!$B$105 -> 4.86 | H47: =Hoja2!H47/Hoja2!$B$105 -> 5.85 | I47: =Hoja2!I47/Hoja2!$B$105 -> 6.43 | J47: =Hoja2!J47/Hoja2!$B$105 -> 6.47 | K47: =Hoja2!K47/Hoja2!$B$105 -> 5.7 | ... O47: =Hoja2!O47/Hoja2!$B$105 -> 1.65 | P47: 11.3 | Q47: 11.2 | R47: 12.7 | S47: 14 | T47: 17.3 | U47: 21.2 | V47: 23.6 | W47: 24.4 | X47: 22.2 | Y47: 19.6 | Z47: 14.9 | AA47: 12.2
A48: Teruel | B48: =-(1+6/60+24/3600) -> -1.1066667 | C48: =40+20/60+38/3600 -> 40.343889 | D48: =Hoja2!D48/Hoja2!$B$105 -> 2.14 | E48: =Hoja2!E48/Hoja2!$B$105 -> 2.87 | F48: =Hoja2!F48/Hoja2!$B$105 -> 4.38 | G48: =Hoja2!G48/Hoja2!$B$105 -> 5.32 | H48: =Hoja2!H48/Hoja2!$B$105 -> 6.47 | I48: =Hoja2!I48/Hoja2!$B$105 -> 6.98 | J48: =Hoja2!J48/Hoja2!$B$105 -> 6.99 | K48: =Hoja2!K48/Hoja2!$B$105 -> 6.13 | ... O48: =Hoja2!O48/Hoja2!$B$105 -> 1.82 | P48: 3.9 | Q48: 4.8 | R48: 7.5 | S48: 10.2 | T48: 14.2 | U48: 19.6 | V48: 22.7 | W48: 22 | X48: 17.5 | Y48: 13.4 | Z48: 7.4 | AA48: 4.4
A49: Toledo | B49: =-(4+1/60+28/3600) -> -4.0244444 | C49: =39+51/60+24/3600 -> 39.856667 | D49: =Hoja2!D49/Hoja2!$B$105 -> 2.1 | E49: =Hoja2!E49/Hoja2!$B$105 -> 2.78 | F49: =Hoja2!F49/Hoja2!$B$105 -> 4.55 | G49: =Hoja2!G49/Hoja2!$B$105 -> 5.17 | H49: =Hoja2!H49/Hoja2!$B$105 -> 6.55 | I49: =Hoja2!I49/Hoja2!$B$105 -> 7.24 | J49: =Hoja2!J49/Hoja2!$B$105 -> 7.29 | K49: =Hoja2!K49/Hoja2!$B$105 -> 6.38 | ... O49: =Hoja2!O49/Hoja2!$B$105 -> 1.71 | P49: 5.7 | Q49: 7.4 | R49: 10.7 | S49: 13.3 | T49: 18 | U49: 24.1 | V49: 27 | W49: 26.7 | X49: 22 | Y49: 16 | Z49: 9.8 | AA49: 6.4
A50: Valencia | B50: =-(0+22/60+36/3600) -> -0.37666667 | C50: =39+28/60+12/3600 -> 39.47 | D50: =Hoja2!D50/Hoja2!$B$105 -> 2.02 | E50: =Hoja2!E50/Hoja2!$B$105 -> 2.78 | F50: =Hoja2!F50/Hoja2!$B$105 -> 3.89 | G50: =Hoja2!G50/Hoja2!$B$105 -> 4.88 | H50: =Hoja2!H50/Hoja2!$B$105 -> 5.91 | I50: =Hoja2!I50/Hoja2!$B$105 -> 6.42 | J50: =Hoja2!J50/Hoja2!$B$105 -> 6.39 | K50: =Hoja2!K50/Hoja2!$B$105 -> 5.7 | ... O50: =Hoja2!O50/Hoja2!$B$105 -> 1.74 | P50: 7.1 | Q50: 7.9 | R50: 10.5 | S50: 12.9 | T50: 16.5 | U50: 21 | V50: 23.8 | W50: 23.4 | X50: 19.7 | Y50: 16 | Z50: 10.6 | AA50: 7.9
A51: Valladolid | B51: =-(4+43/60+42/3600) -> -4.7283333 | C51: =41+39/60+10/3600 -> 41.652778 | D51: =Hoja2!D51/Hoja2!$B$105 -> 1.75 | E51: =Hoja2!E51/Hoja2!$B$105 -> 2.6 | F51: =Hoja2!F51/Hoja2!$B$105 -> 4.17 | G51: =Hoja2!G51/Hoja2!$B$105 -> 4.97 | H51: =Hoja2!H51/Hoja2!$B$105 -> 6.12 | I51: =Hoja2!I51/Hoja2!$B$105 -> 6.89 | J51: =Hoja2!J51/Hoja2!$B$105 -> 6.99 | K51: =Hoja2!K51/Hoja2!$B$105 -> 6.14 | ... O51: =Hoja2!O51/Hoja2!$B$105 -> 1.36 | P51: 3.7 | Q51: 4.8 | R51: 7.9 | S51: 10.2 | T51: 14.5 | U51: 19.7 | V51: 22 | W51: 21.9 | X51: 18.1 | Y51: 12.9 | Z51: 7.3 | AA51: 4
A52: Vitoria | B52: =-(2+40/60+17/3600) -> -2.6713889 | C52: =42+50/60+48/3600 -> 42.846667 | D52: =Hoja2!D52/Hoja2!$B$105 -> 1.59 | E52: =Hoja2!E52/Hoja2!$B$105 -> 2.32 | F52: =Hoja2!F52/Hoja2!$B$105 -> 3.75 | G52: =Hoja2!G52/Hoja2!$B$105 -> 4.55 | H52: =Hoja2!H52/Hoja2!$B$105 -> 5.63 | I52: =Hoja2!I52/Hoja2!$B$105 -> 6.29 | J52: =Hoja2!J52/Hoja2!$B$105 -> 6.31 | K52: =Hoja2!K52/Hoja2!$B$105 -> 5.56 | ... O52: =Hoja2!O52/Hoja2!$B$105 -> 1.32 | P52: 4.7 | Q52: 5 | R52: 8 | S52: 9.8 | T52: 13.1 | U52: 16.8 | V52: 18.5 | W52: 19 | X52: 16.6 | Y52: 13.4 | Z52: 8 | AA52: 4.9
A53: Zamora | B53: =-(5+44/60+37/3600) -> -5.7436111 | C53: =41+(30/60)+(13/3600) -> 41.503611 | D53: =Hoja2!D53/Hoja2!$B$105 -> 1.81 | E53: =Hoja2!E53/Hoja2!$B$105 -> 2.62 | F53: =Hoja2!F53/Hoja2!$B$105 -> 4.22 | G53: =Hoja2!G53/Hoja2!$B$105 -> 4.86 | H53: =Hoja2!H53/Hoja2!$B$105 -> 6.06 | I53: =Hoja2!I53/Hoja2!$B$105 -> 6.93 | J53: =Hoja2!J53/Hoja2!$B$105 -> 7.01 | K53: =Hoja2!K53/Hoja2!$B$105 -> 6.32 | ... O53: =Hoja2!O53/Hoja2!$B$105 -> 1.38 | P53: 4 | Q53: 5.2 | R53: 8.4 | S53: 10.5 | T53: 14.5 | U53: 20 | V53: 21.9 | W53: 22.1 | X53: 18.5 | Y53: 13.1 | Z53: 7.7 | AA53: 4.3
A54: Zaragoza | B54: =-(0+52/60+47/3600) -> -0.87972222 | C54: =41+(39/60)+(24/3600) -> 41.656667 | D54: =Hoja2!D54/Hoja2!$B$105 -> 1.78 | E54: =Hoja2!E54/Hoja2!$B$105 -> 2.5 | F54: =Hoja2!F54/Hoja2!$B$105 -> 3.89 | G54: =Hoja2!G54/Hoja2!$B$105 -> 4.75 | H54: =Hoja2!H54/Hoja2!$B$105 -> 5.76 | I54: =Hoja2!I54/Hoja2!$B$105 -> 6.39 | J54: =Hoja2!J54/Hoja2!$B$105 -> 6.4 | K54: =Hoja2!K54/Hoja2!$B$105 -> 5.58 | ... O54: =Hoja2!O54/Hoja2!$B$105 -> 1.52 | P54: 6.9 | Q54: 7.9 | R54: 11.2 | S54: 14 | T54: 18.5 | U54: 23.4 | V54: 25.6 | W54: 25.3 | X54: 21.1 | Y54: 16.9 | Z54: 10.7 | AA54: 7.1
A55: Capitales Europeas
A56: Amsterdam (Países Bajos) | B56: =4+(53/60)+(42/3600) -> 4.895 | C56: =52+(22/60)+(12/3600) -> 52.37 | D56: =Hoja2!D56/Hoja2!$B$105 -> 0.597 | E56: =Hoja2!E56/Hoja2!$B$105 -> 1.37 | F56: =Hoja2!F56/Hoja2!$B$105 -> 2.2 | G56: =Hoja2!G56/Hoja2!$B$105 -> 3.75 | H56: =Hoja2!H56/Hoja2!$B$105 -> 4.9 | I56: =Hoja2!I56/Hoja2!$B$105 -> 4.9 | J56: =Hoja2!J56/Hoja2!$B$105 -> 4.93 | K56: =Hoja2!K56/Hoja2!$B$105 -> 4.16 | ... O56: =Hoja2!O56/Hoja2!$B$105 -> 0.449 | P56: 3.3 | Q56: 3.2 | R56: 5.8 | S56: 9.4 | T56: 12.7 | U56: 15.5 | V56: 17.4 | W56: 17.2 | X56: 14.8 | Y56: 11.2 | Z56: 7.5 | AA56: 4
A57: Atenas (Grecia) | B57: =23+(43/60)+(45/3600) -> 23.729167 | C57: =37+(59/60)+(1/3600) -> 37.983611 | D57: =Hoja2!D57/Hoja2!$B$105 -> 2.06 | E57: =Hoja2!E57/Hoja2!$B$105 -> 2.64 | F57: =Hoja2!F57/Hoja2!$B$105 -> 3.87 | G57: =Hoja2!G57/Hoja2!$B$105 -> 5.24 | H57: =Hoja2!H57/Hoja2!$B$105 -> 6.24 | I57: =Hoja2!I57/Hoja2!$B$105 -> 7.04 | J57: =Hoja2!J57/Hoja2!$B$105 -> 6.95 | K57: =Hoja2!K57/Hoja2!$B$105 -> 6.23 | ... O57: =Hoja2!O57/Hoja2!$B$105 -> 1.76 | P57: 10 | Q57: 10.3 | R57: 12.2 | S57: 14.9 | T57: 19.1 | U57: 23.5 | V57: 26.6 | W57: 27 | X57: 23.3 | Y57: 19.2 | Z57: 15.6 | AA57: 11.9
A58: Belgrado (Serbia) | B58: 20.467 | C58: 44.817 | D58: 1.25 | E58: 2 | F58: 3.17 | G58: 4.36 | H58: 5.52 | I58: 5.98 | J58: 6.29 | K58: 5.55 | L58: 4.13 | M58: 2.71 | N58: 1.49 | O58: 1.06 | P58: 0.5 | Q58: 1.3 | R58: 7.1 | S58: 12.8 | T58: 17.7 | U58: 21.3 | V58: 23.4 | W58: 23.1 | X58: 17.8 | Y58: 13 | Z58: 7.9 | AA58: 2.1
A59: Berlín (Alemania) | B59: =13+(24/60)+(21/3600) -> 13.405833 | C59: =52+(31/60)+(9/3600) -> 52.519167 | D59: =Hoja2!D58/Hoja2!$B$105 -> 0.63 | E59: =Hoja2!E58/Hoja2!$B$105 -> 1.34 | F59: =Hoja2!F58/Hoja2!$B$105 -> 2.22 | G59: =Hoja2!G58/Hoja2!$B$105 -> 3.66 | H59: =Hoja2!H58/Hoja2!$B$105 -> 5.03 | I59: =Hoja2!I58/Hoja2!$B$105 -> 4.84 | J59: =Hoja2!J58/Hoja2!$B$105 -> 5.01 | K59: =Hoja2!K58/Hoja2!$B$105 -> 4.3 | ... O59: =Hoja2!O58/Hoja2!$B$105 -> 0.454 | P59: 0.1 | Q59: 0.8 | R59: 3.8 | S59: 9.4 | T59: 14.2 | U59: 17.3 | V59: 19.5 | W59: 18.8 | X59: 14.5 | Y59: 9.9 | Z59: 5.4 | AA59: 1
A60: Berna (Suiza) | B60: 7.445 | C60: 46.948 | D60: 1.09 | E60: 1.71 | F60: 3 | G60: 4.1 | H60: 4.75 | I60: 5.51 | J60: 5.67 | K60: 4.82 | L60: 3.54 | M60: 2.2 | N60: 1.27 | O60: 0.923 | P60: 0.9 | Q60: 0.8 | R60: 4.8 | S60: 8.9 | T60: 13.4 | U60: 16.9 | V60: 18.2 | W60: 18 | X60: 14.1 | Y60: 10.5 | Z60: 5 | AA60: 1.2
A61: Bruselas (Bélgica) | B61: =4+(21/60)+(6/3600) -> 4.3516667 | C61: =50+(51/60)+(1/3600) -> 50.850278 | D61: =Hoja2!D59/Hoja2!$B$105 -> 0.635 | E61: =Hoja2!E59/Hoja2!$B$105 -> 1.38 | F61: =Hoja2!F59/Hoja2!$B$105 -> 2.15 | G61: =Hoja2!G59/Hoja2!$B$105 -> 3.51 | H61: =Hoja2!H59/Hoja2!$B$105 -> 4.52 | I61: =Hoja2!I59/Hoja2!$B$105 -> 4.62 | J61: =Hoja2!J59/Hoja2!$B$105 -> 4.84 | K61: =Hoja2!K59/Hoja2!$B$105 -> 4.08 | ... O61: =Hoja2!O59/Hoja2!$B$105 -> 0.494 | P61: 3.2 | Q61: 3.7 | R61: 6.1 | S61: 9.8 | T61: 13.4 | U61: 16.3 | V61: 18 | W61: 17.8 | X61: 15 | Y61: 11.6 | Z61: 7.5 | AA61: 3.8
A62: Bucarest (Rumanía) | B62: =26+(5/60)+(50/3600) -> 26.097222 | C62: =44+(26/60)+(15/3600) -> 44.4375 | D62: =Hoja2!D60/Hoja2!$B$105 -> 1.33 | E62: =Hoja2!E60/Hoja2!$B$105 -> 2.04 | F62: =Hoja2!F60/Hoja2!$B$105 -> 3.15 | G62: =Hoja2!G60/Hoja2!$B$105 -> 4.5 | H62: =Hoja2!H60/Hoja2!$B$105 -> 5.66 | I62: =Hoja2!I60/Hoja2!$B$105 -> 6 | J62: =Hoja2!J60/Hoja2!$B$105 -> 6.11 | K62: =Hoja2!K60/Hoja2!$B$105 -> 5.55 | ... O62: =Hoja2!O60/Hoja2!$B$105 -> 1.09 | P62: -1.6 | Q62: 0.1 | R62: 6 | S62: 12.1 | T62: 17.7 | U62: 21.5 | V62: 24 | W62: 23.7 | X62: 18.1 | Y62: 12.2 | Z62: 6.9 | AA62: 0.5
A63: Budapest (Hungría) | B63: =19+(2/60)+(26/3600) -> 19.040556 | C63: =47+(29/60)+(54/3600) -> 47.498333 | D63: =Hoja2!D61/Hoja2!$B$105 -> 0.922 | E63: =Hoja2!E61/Hoja2!$B$105 -> 1.61 | F63: =Hoja2!F61/Hoja2!$B$105 -> 2.78 | G63: =Hoja2!G61/Hoja2!$B$105 -> 4.23 | H63: =Hoja2!H61/Hoja2!$B$105 -> 5.31 | I63: =Hoja2!I61/Hoja2!$B$105 -> 5.8 | J63: =Hoja2!J61/Hoja2!$B$105 -> 6.06 | K63: =Hoja2!K61/Hoja2!$B$105 -> 5.01 | ... O63: =Hoja2!O61/Hoja2!$B$105 -> 0.672 | P63: -1.1 | Q63: 0.5 | R63: 5.3 | S63: 11.6 | T63: 16.8 | U63: 20.1 | V63: 22.1 | W63: 21.7 | X63: 16.3 | Y63: 11.1 | Z63: 5.9 | AA63: 0
A64: Copenhague (Dinamarca) | B64: 12.568 | C64: 55.676 | D64: 0.453 | E64: 1.07 | F64: 2.02 | G64: 3.75 | H64: 5.13 | I64: 5.14 | J64: 5.2 | K64: 4.15 | L64: 2.65 | M64: 1.41 | N64: 0.639 | O64: 0.323 | P64: 1.2 | Q64: 0.9 | R64: 2.7 | S64: 6.7 | T64: 11.4 | U64: 14.7 | V64: 17.4 | W64: 17.3 | X64: 14.3 | Y64: 10.3 | Z64: 6.5 | AA64: 2.8
A65: Dublín (Irlanda) | B65: -6.26 | C65: 53.35 | D65: 0.64 | E65: 1.18 | F65: 2.23 | G65: 3.62 | H65: 4.73 | I65: 4.78 | J65: 4.77 | K65: 3.69 | L65: 2.76 | M65: 1.58 | N65: 0.797 | O65: 0.465 | P65: 6.3 | Q65: 6.3 | R65: 6.9 | S65: 8.8 | T65: 11.1 | U65: 13.7 | V65: 15.5 | W65: 15.4 | X65: 14.2 | Y65: 11.6 | Z65: 8.5 | AA65: 6.4
A66: Estocolmo (Suecia) | B66: =18+(3/60)+(53/3600) -> 18.064722 | C66: =59+(19/60)+(44/3600) -> 59.328889 | D66: =Hoja2!D62/Hoja2!$B$105 -> 0.299 | E66: =Hoja2!E62/Hoja2!$B$105 -> 0.907 | F66: =Hoja2!F62/Hoja2!$B$105 -> 1.98 | G66: =Hoja2!G62/Hoja2!$B$105 -> 3.59 | H66: =Hoja2!H62/Hoja2!$B$105 -> 5.3 | I66: =Hoja2!I62/Hoja2!$B$105 -> 5.36 | J66: =Hoja2!J62/Hoja2!$B$105 -> 5.2 | K66: =Hoja2!K62/Hoja2!$B$105 -> 3.87 | ... O66: =Hoja2!O62/Hoja2!$B$105 -> 0.175 | P66: -2.6 | Q66: -2.9 | R66: -0.8 | S66: 5 | T66: 10.4 | U66: 14.4 | V66: 17.7 | W66: 16.5 | X66: 12.3 | Y66: 7.1 | Z66: 3.1 | AA66: -0.8
A67: Helsinki (Finlandia) | B67: =24+(56/60)+(36/3600) -> 24.943333 | C67: =60+(9/60)+(59/3600) -> 60.166389 | D67: =Hoja2!D63/Hoja2!$B$105 -> 0.257 | E67: =Hoja2!E63/Hoja2!$B$105 -> 0.917 | F67: =Hoja2!F63/Hoja2!$B$105 -> 2.01 | G67: =Hoja2!G63/Hoja2!$B$105 -> 3.71 | H67: =Hoja2!H63/Hoja2!$B$105 -> 5.19 | I67: =Hoja2!I63/Hoja2!$B$105 -> 5.62 | J67: =Hoja2!J63/Hoja2!$B$105 -> 5.46 | K67: =Hoja2!K63/Hoja2!$B$105 -> 3.83 | ... O67: =Hoja2!O63/Hoja2!$B$105 -> 0.144 | P67: -3 | Q67: -4.9 | R67: -2.5 | S67: 2.6 | T67: 7.7 | U67: 13 | V67: 17.6 | W67: 16.9 | X67: 13.1 | Y67: 7.8 | Z67: 3.6 | AA67: 0.1
A68: Kiev (Ucrania) | B68: 30.523 | C68: 50.45 | D68: 0.863 | E68: 1.67 | F68: 2.86 | G68: 4.06 | H68: 5.81 | I68: 5.76 | J68: 5.64 | K68: 4.98 | L68: 3.35 | M68: 2.09 | N68: 0.97 | O68: 0.657 | P68: -3.8 | Q68: -3.7 | R68: 1.2 | S68: 9.4 | T68: 15.9 | U68: 19.3 | V68: 22 | W68: 20.6 | X68: 14.6 | Y68: 8.8 | Z68: 3.8 | AA68: -1.9
A69: Lisboa (Portugal) | B69: =-(9+(8/60)+(23/3600)) -> -9.1397222 | C69: =38+(43/60)+(25/3600) -> 38.723611 | D69: =Hoja2!D64/Hoja2!$B$105 -> 2.14 | E69: =Hoja2!E64/Hoja2!$B$105 -> 2.72 | F69: =Hoja2!F64/Hoja2!$B$105 -> 4.36 | G69: =Hoja2!G64/Hoja2!$B$105 -> 5.07 | H69: =Hoja2!H64/Hoja2!$B$105 -> 6.14 | I69: =Hoja2!I64/Hoja2!$B$105 -> 6.9 | J69: =Hoja2!J64/Hoja2!$B$105 -> 7.05 | K69: =Hoja2!K64/Hoja2!$B$105 -> 6.42 | ... O69: =Hoja2!O64/Hoja2!$B$105 -> 1.9 | P69: 10.5 | Q69: 11 | R69: 13 | S69: 14.8 | T69: 17.2 | U69: 20.6 | V69: 22.4 | W69: 22.9 | X69: 21.1 | Y69: 17.7 | Z69: 13.4 | AA69: 11.1
A70: Londres (Reino Unido) | B70: =-(0+(7/60)+(39/3600)) -> -0.1275 | C70: =51+(30/60)+(26/3600) -> 51.507222 | D70: =Hoja2!D65/Hoja2!$B$105 -> 0.736 | E70: =Hoja2!E65/Hoja2!$B$105 -> 1.35 | F70: =Hoja2!F65/Hoja2!$B$105 -> 2.21 | G70: =Hoja2!G65/Hoja2!$B$105 -> 3.65 | H70: =Hoja2!H65/Hoja2!$B$105 -> 4.64 | I70: =Hoja2!I65/Hoja2!$B$105 -> 4.8 | J70: =Hoja2!J65/Hoja2!$B$105 -> 4.84 | K70: =Hoja2!K65/Hoja2!$B$105 -> 4.15 | ... O70: =Hoja2!O65/Hoja2!$B$105 -> 0.524 | P70: 4.8 | Q70: 4.9 | R70: 6.4 | S70: 9.3 | T70: 12.4 | U70: 15.5 | V70: 17.2 | W70: 17.1 | X70: 14.8 | Y70: 11.8 | Z70: 7.8 | AA70: 5.1
A71: Luxemburgo (Luxemburgo) | B71: =6+(7/60)+(46/3600) -> 6.1294444 | C71: =49+(48/60)+(54/3600) -> 49.815 | D71: =Hoja2!D66/Hoja2!$B$105 -> 0.68 | E71: =Hoja2!E66/Hoja2!$B$105 -> 1.53 | F71: =Hoja2!F66/Hoja2!$B$105 -> 2.34 | G71: =Hoja2!G66/Hoja2!$B$105 -> 3.76 | H71: =Hoja2!H66/Hoja2!$B$105 -> 4.69 | I71: =Hoja2!I66/Hoja2!$B$105 -> 4.91 | J71: =Hoja2!J66/Hoja2!$B$105 -> 5.29 | K71: =Hoja2!K66/Hoja2!$B$105 -> 4.34 | ... O71: =Hoja2!O66/Hoja2!$B$105 -> 0.545 | P71: 1.1 | Q71: 1.7 | R71: 4.7 | S71: 8.8 | T71: 13.1 | U71: 16.1 | V71: 17.6 | W71: 17.3 | X71: 13.7 | Y71: 10 | Z71: 5.5 | AA71: 1.9
A72: Moscú (Rusia) | B72: =37+36/60+55/3600 -> 37.615278 | C72: =55+48/60+34/3600 -> 55.809444 | D72: 0.75 | E72: 1.57 | F72: 2.84 | G72: 3.89 | H72: 5.11 | I72: 5.21 | J72: 5.13 | K72: 4.3 | L72: 2.68 | M72: 1.52 | N72: 0.82 | O72: 0.5 | P72: -8.8 | Q72: -9.1 | R72: -4.2 | S72: 5.2 | T72: 12.6 | U72: 16.9 | V72: 19.1 | W72: 17.3 | X72: 11.6 | Y72: 4.8 | Z72: -3.5 | AA72: -8.4
A73: Oslo (Noruega) | B73: =10+(45/60)+(8/360) -> 10.772222 | C73: =59+(54/60)+(49/3600) -> 59.913611 | D73: =Hoja2!D67/Hoja2!$B$105 -> 0.258 | E73: =Hoja2!E67/Hoja2!$B$105 -> 0.772 | F73: =Hoja2!F67/Hoja2!$B$105 -> 1.71 | G73: =Hoja2!G67/Hoja2!$B$105 -> 3.19 | H73: =Hoja2!H67/Hoja2!$B$105 -> 4.55 | I73: =Hoja2!I67/Hoja2!$B$105 -> 5.17 | J73: =Hoja2!J67/Hoja2!$B$105 -> 4.75 | K73: =Hoja2!K67/Hoja2!$B$105 -> 3.5 | ... O73: =Hoja2!O67/Hoja2!$B$105 -> 0.177 | P73: -2.2 | Q73: -2.5 | R73: 1 | S73: 5.5 | T73: 11 | U73: 14.2 | V73: 16.7 | W73: 16.3 | X73: 12.3 | Y73: 7.2 | Z73: 2.8 | AA73: -2.4
A74: París (Francia) | B74: =2+(21/60)+(7/3600) -> 2.3519444 | C74: =48+(51/60)+(23/3600) -> 48.856389 | D74: =Hoja2!D68/Hoja2!$B$105 -> 0.829 | E74: =Hoja2!E68/Hoja2!$B$105 -> 1.55 | F74: =Hoja2!F68/Hoja2!$B$105 -> 2.66 | G74: =Hoja2!G68/Hoja2!$B$105 -> 4.03 | H74: =Hoja2!H68/Hoja2!$B$105 -> 4.73 | I74: =Hoja2!I68/Hoja2!$B$105 -> 5.29 | J74: =Hoja2!J68/Hoja2!$B$105 -> 5.53 | K74: =Hoja2!K68/Hoja2!$B$105 -> 4.69 | ... O74: =Hoja2!O68/Hoja2!$B$105 -> 0.658 | P74: 4 | Q74: 4.3 | R74: 7 | S74: 10.4 | T74: 14.2 | U74: 17.4 | V74: 19.1 | W74: 19.1 | X74: 15.9 | Y74: 12.4 | Z74: 7.6 | AA74: 4.3
A75: Praga (Rep. Checa) | B75: =14+(26/60)+(16/3600) -> 14.437778 | C75: =50+(4/60)+(31/3600) -> 50.075278 | D75: =Hoja2!D69/Hoja2!$B$105 -> 0.77 | E75: =Hoja2!E69/Hoja2!$B$105 -> 1.4 | F75: =Hoja2!F69/Hoja2!$B$105 -> 2.42 | G75: =Hoja2!G69/Hoja2!$B$105 -> 3.77 | H75: =Hoja2!H69/Hoja2!$B$105 -> 4.9 | I75: =Hoja2!I69/Hoja2!$B$105 -> 4.96 | J75: =Hoja2!J69/Hoja2!$B$105 -> 5.11 | K75: =Hoja2!K69/Hoja2!$B$105 -> 4.32 | ... O75: =Hoja2!O69/Hoja2!$B$105 -> 0.549 | P75: -0.7 | Q75: 0.5 | R75: 4.2 | S75: 9.5 | T75: 14.2 | U75: 17.4 | V75: 19.2 | W75: 19 | X75: 14.3 | Y75: 9.5 | Z75: 4.5 | AA75: 0
A76: Riga (Letonia) | B76: =24+(6/60)+(15/3600) -> 24.104167 | C76: =56+(56/60)+(46/3600) -> 56.946111 | D76: =Hoja2!D70/Hoja2!$B$105 -> 0.387 | E76: =Hoja2!E70/Hoja2!$B$105 -> 1.07 | F76: =Hoja2!F70/Hoja2!$B$105 -> 2.17 | G76: =Hoja2!G70/Hoja2!$B$105 -> 3.79 | H76: =Hoja2!H70/Hoja2!$B$105 -> 5.38 | I76: =Hoja2!I70/Hoja2!$B$105 -> 5.69 | J76: =Hoja2!J70/Hoja2!$B$105 -> 5.41 | K76: =Hoja2!K70/Hoja2!$B$105 -> 4.18 | ... O76: =Hoja2!O70/Hoja2!$B$105 -> 0.24 | P76: -4.2 | Q76: -4.4 | R76: -0.6 | S76: 6.5 | T76: 12.4 | U76: 15.9 | V76: 19.3 | W76: 17.6 | X76: 12.8 | Y76: 7.3 | Z76: 3.1 | AA76: -1.6
A77: Roma (Italia) | B77: =12+(27/60)+(38/3600) -> 12.460556 | C77: =41+(54/60)+(5/3600) -> 41.901389 | D77: =Hoja2!D71/Hoja2!$B$105 -> 1.65 | E77: =Hoja2!E71/Hoja2!$B$105 -> 2.27 | F77: =Hoja2!F71/Hoja2!$B$105 -> 3.65 | G77: =Hoja2!G71/Hoja2!$B$105 -> 4.96 | H77: =Hoja2!H71/Hoja2!$B$105 -> 5.97 | I77: =Hoja2!I71/Hoja2!$B$105 -> 6.59 | J77: =Hoja2!J71/Hoja2!$B$105 -> 6.63 | K77: =Hoja2!K71/Hoja2!$B$105 -> 5.78 | ... O77: =Hoja2!O71/Hoja2!$B$105 -> 1.43 | P77: 7.7 | Q77: 7.7 | R77: 10.7 | S77: 13.9 | T77: 18.5 | U77: 22.4 | V77: 25.2 | W77: 25 | X77: 20.7 | Y77: 17.4 | Z77: 12.9 | AA77: 9.1
A78: Varsovia (Polonia) | B78: =21+(0/60)+(44/3600) -> 21.012222 | C78: =52+(13/60)+(46/3600) -> 52.229444 | D78: =Hoja2!D72/Hoja2!$B$105 -> 0.606 | E78: =Hoja2!E72/Hoja2!$B$105 -> 1.29 | F78: =Hoja2!F72/Hoja2!$B$105 -> 2.34 | G78: =Hoja2!G72/Hoja2!$B$105 -> 3.65 | H78: =Hoja2!H72/Hoja2!$B$105 -> 5.12 | I78: =Hoja2!I72/Hoja2!$B$105 -> 5.04 | J78: =Hoja2!J72/Hoja2!$B$105 -> 5.16 | K78: =Hoja2!K72/Hoja2!$B$105 -> 4.42 | ... O78: =Hoja2!O72/Hoja2!$B$105 -> 0.432 | P78: -2.1 | Q78: -1.3 | R78: 2.7 | S78: 9 | T78: 14.4 | U78: 17.4 | V78: 20 | W78: 19 | X78: 14 | Y78: 9 | Z78: 4.7 | AA78: -0.6
A79: Viena (Austria) | B79: =16+(22/60)+(25/3600) -> 16.373611 | C79: =48+(12/60)+(29/3600) -> 48.208056 | D79: =Hoja2!D73/Hoja2!$B$105 -> 0.924 | E79: =Hoja2!E73/Hoja2!$B$105 -> 1.6 | F79: =Hoja2!F73/Hoja2!$B$105 -> 2.72 | G79: =Hoja2!G73/Hoja2!$B$105 -> 4.08 | H79: =Hoja2!H73/Hoja2!$B$105 -> 5.12 | I79: =Hoja2!I73/Hoja2!$B$105 -> 5.5 | J79: =Hoja2!J73/Hoja2!$B$105 -> 5.7 | K79: =Hoja2!K73/Hoja2!$B$105 -> 4.71 | ... O79: =Hoja2!O73/Hoja2!$B$105 -> 0.691 | P79: -0.3 | Q79: 0.9 | R79: 5.4 | S79: 11 | T79: 15.8 | U79: 18.9 | V79: 21.1 | W79: 20.6 | X79: 15.7 | Y79: 10.7 | Z79: 5.6 | AA79: 0.6
A80: Zagreb (Croacia) | B80: 15.982 | C80: 45.815 | D80: 1.19 | E80: 1.92 | F80: 2.88 | G80: 4.01 | H80: 5.07 | I80: 5.35 | J80: 5.71 | K80: 4.93 | L80: 3.72 | M80: 2.26 | N80: 1.2 | O80: 0.842 | P80: 0.4 | Q80: 1.6 | R80: 6.5 | S80: 11.8 | T80: 16.7 | U80: 20.3 | V80: 22.8 | W80: 22.3 | X80: 16.6 | Y80: 11.9 | Z80: 6.9 | AA80: 1.6
A81: Ciuadades Africanas
A82: Ciudad del Cabo (Sudáfrica) | B82: =18+25/60+26/3600 -> 18.423889 | C82: =-(33+55/60+29/3600) -> -33.924722 | D82: 8.17 | E82: 7.3 | F82: 5.91 | G82: 4.3 | H82: 3.09 | I82: 2.64 | J82: 2.85 | K82: 3.67 | L82: 4.92 | M82: 6.46 | N82: 7.68 | O82: 8.18 | P82: 22 | Q82: 22.4 | R82: 21.1 | S82: 18.5 | T82: 15.9 | U82: 13.3 | V82: 12.6 | W82: 13.2 | X82: 14.8 | Y82: 17.2 | Z82: 19.1 | AA82: 20.7 | AB82: NASA
A83: Dakar (Senegal) | B83: =-(17+26/60+48/3600) -> -17.446667 | C83: =14+41/60+34/3600 -> 14.692778 | D83: 5.3 | E83: 5.78 | F83: 6.84 | G83: 7.32 | H83: 7.11 | I83: 6.65 | J83: 6.19 | K83: 5.96 | L83: 5.9 | M83: 5.97 | N83: 5.41 | O83: 5.06 | P83: 22.8 | Q83: 22.1 | R83: 21.4 | S83: 21 | T83: 21.9 | U83: 23.8 | V83: 25.4 | W83: 26 | X83: 26.1 | Y83: 26.9 | Z83: 27 | AA83: 25.2
A84: El Cairo (Egipto) | B84: =31+14/60+8/3600 -> 31.235556 | C84: =30+2/60+39/3600 -> 30.044167 | D84: 3.23 | E84: 3.91 | F84: 5.11 | G84: 6.28 | H84: 6.99 | I84: 7.69 | J84: 7.33 | K84: 6.85 | L84: 5.86 | M84: 4.48 | N84: 3.45 | O84: 3 | P84: 13.3 | Q84: 13.7 | R84: 16 | S84: 20.2 | T84: 23.4 | U84: 26.3 | V84: 28.2 | W84: 28.3 | X84: 26.4 | Y84: 22.8 | Z84: 19 | AA84: 14.9
A85: Kinshasa (R.D. Congo) | B85: =15+18/60+50/3600 -> 15.313889 | C85: =-(4+19/60+54/3600) -> -4.3316667 | D85: 4.75 | E85: 4.99 | F85: 5.1 | G85: 4.86 | H85: 4.43 | I85: 4.3 | J85: 4.6 | K85: 4.8 | L85: 4.67 | M85: 4.15 | N85: 4.3 | O85: 4.43 | P85: 24.2 | Q85: 24.4 | R85: 24.5 | S85: 24.6 | T85: 25.2 | U85: 26 | V85: 26.2 | W85: 27 | X85: 26.6 | Y85: 25.1 | Z85: 24.2 | AA85: 24.2
A86: Nairobi (Kenia) | B86: =36+49/60+19/3600 -> 36.821944 | C86: =-(1+17/60+31/3600) -> -1.2919444 | D86: 6.42 | E86: 6.86 | F86: 6.66 | G86: 5.83 | H86: 5.36 | I86: 5.11 | J86: 5.23 | K86: 5.55 | L86: 6.37 | M86: 6.13 | N86: 5.59 | O86: 6.06 | P86: 20.3 | Q86: 21 | R86: 21 | S86: 20.2 | T86: 19.7 | U86: 19.1 | V86: 18.6 | W86: 19 | X86: 20.1 | Y86: 20.5 | Z86: 19.5 | AA86: 19.6
A87: Rabat (Marruecos) | B87: =-(6+49/60+57/3600) -> -6.8325 | C87: =34+0/60+54/3600 -> 34.015 | D87: 2.95 | E87: 3.89 | F87: 5.23 | G87: 6.45 | H87: 7.3 | I87: 7.63 | J87: 7.59 | K87: 6.96 | L87: 5.79 | M87: 4.26 | N87: 3.1 | O87: 2.54 | P87: 12.2 | Q87: 13.5 | R87: 16.1 | S87: 17.4 | T87: 20.3 | U87: 23.8 | V87: 26.7 | W87: 26.1 | X87: 23.9 | Y87: 20.6 | Z87: 16.8 | AA87: 13.9
A88: Ciudades Asiáticas
A89: Bagdag (Irak) | B89: =44+26/60+0/3600 -> 44.433333 | C89: =33+20/60+0/3600 -> 33.333333 | D89: 2.96 | E89: 4.03 | F89: 4.98 | G89: 5.39 | H89: 6.48 | I89: 7.56 | J89: 7 | K89: 6.71 | L89: 5.55 | M89: 3.98 | N89: 2.98 | O89: 2.62 | P89: 9.8 | Q89: 11.5 | R89: 16.2 | S89: 23.1 | T89: 29.1 | U89: 33.4 | V89: 36.1 | W89: 35.8 | X89: 32 | Y89: 26.2 | Z89: 17.9 | AA89: 11.6
A90: Bangkok (Tailandia) | B90: =100+29/60+38/3600 -> 100.49389 | C90: =13+45/60+8/3600 -> 13.752222 | D90: 5.07 | E90: 5.62 | F90: 5.99 | G90: 6.23 | H90: 5.37 | I90: 4.93 | J90: 4.82 | K90: 4.81 | L90: 4.73 | M90: 4.49 | N90: 4.74 | O90: 4.86 | P90: 25.3 | Q90: 26.4 | R90: 26.9 | S90: 27.2 | T90: 27 | U90: 26.6 | V90: 26.3 | W90: 26.2 | X90: 26 | Y90: 25.4 | Z90: 24.4 | AA90: 24.1
A91: Pekín (China) | B91: =116+24/60+25/3600 -> 116.40694 | C91: =39+54/60+14/3600 -> 39.903889 | D91: 2.79 | E91: 3.69 | F91: 4.71 | G91: 5.75 | H91: 6.17 | I91: 5.72 | J91: 5.13 | K91: 4.67 | L91: 4.26 | M91: 3.67 | N91: 2.82 | O91: 2.47 | P91: -5.7 | Q91: -1.8 | R91: 5.1 | S91: 14.6 | T91: 21.1 | U91: 24.8 | V91: 25.3 | W91: 24.1 | X91: 20.5 | Y91: 13.7 | Z91: 4 | AA91: -2.9
A92: Riad (Arabia Saudí) | B92: =46+43/60+0/3600 -> 46.716667 | C92: =24+38/60+0/3600 -> 24.633333 | D92: 3.76 | E92: 4.63 | F92: 5.38 | G92: 6.19 | H92: 7.15 | I92: 7.87 | J92: 7.59 | K92: 7.15 | L92: 6.34 | M92: 5.47 | N92: 4.22 | O92: 3.52 | P92: 14.2 | Q92: 16.6 | R92: 20.8 | S92: 26.5 | T92: 31.8 | U92: 34 | V92: 35.3 | W92: 35.1 | X92: 32.3 | Y92: 27.4 | Z92: 21.7 | AA92: 16.4
A93: Tokio (Japón) | B93: =139+42/60+54/3600 -> 139.715 | C93: =35+42/60+2/3600 -> 35.700556 | D93: 3 | E93: 3.72 | F93: 4.17 | G93: 4.88 | H93: 4.85 | I93: 4.21 | J93: 4.43 | K93: 4.47 | L93: 3.31 | M93: 3.05 | N93: 2.77 | O93: 2.72 | P93: 3.9 | Q93: 4.2 | R93: 7.4 | S93: 12.8 | T93: 17.3 | U93: 21 | V93: 23.9 | W93: 24.9 | X93: 22.3 | Y93: 17 | Z93: 11.8 | AA93: 6.5
A94: Ciudades Americanas
A95: Norte
A96: EEUU
A97: Atlanta (Georgia) | B97: -84.43 | C97: 33.65 | D97: 2.54 | E97: 3.19 | F97: 4.33 | G97: 5.27 | H97: 5.83 | I97: 5.63 | J97: 5.75 | K97: 5.2 | L97: 4.53 | M97: 3.94 | N97: 2.88 | O97: 2.39 | P97: 6.2 | Q97: 8.2 | R97: 11.8 | S97: 16.3 | T97: 21.3 | U97: 24.5 | V97: 25.9 | W97: 25.2 | X97: 22.3 | Y97: 17.4 | Z97: 12.3 | AA97: 7.2
A98: Chicago (Illinois) | B98: -87.65 | C98: 41.9 | D98: 1.69 | E98: 2.47 | F98: 3.47 | G98: 4.47 | H98: 5.29 | I98: 5.91 | J98: 5.99 | K98: 5.15 | L98: 4.36 | M98: 3.06 | N98: 1.85 | O98: 1.48 | P98: -4.9 | Q98: -2.1 | R98: 3.2 | S98: 10.3 | T98: 16.6 | U98: 21.5 | V98: 23.4 | W98: 22.1 | X98: 18.1 | Y98: 12.2 | Z98: 5.2 | AA98: -2
A99: Dallas (Texas) | B99: -96.7975 | C99: 32.7825 | D99: 2.71 | E99: 3.42 | F99: 4.36 | G99: 5.36 | H99: 5.72 | I99: 6.33 | J99: 6.55 | K99: 5.74 | L99: 5.04 | M99: 3.92 | N99: 2.93 | O99: 2.51 | P99: 6.7 | Q99: 9.2 | R99: 13.1 | S99: 17.9 | T99: 22.2 | U99: 25.4 | V99: 27.2 | W99: 27.3 | X99: 24.1 | Y99: 19.6 | Z99: 12.8 | AA99: 7.5
A100: Dénver (Colorado) | B100: -104.98472 | C100: 39.739167 | D100: 2.43 | E100: 3.36 | F100: 4.54 | G100: 5.45 | H100: 6.32 | I100: 6.77 | J100: 6.4 | K100: 5.71 | L100: 5.11 | M100: 3.93 | N100: 2.7 | O100: 2.19 | P100: -2.8 | Q100: -0.9 | R100: 2.8 | S100: 7.3 | T100: 13 | U100: 17.6 | V100: 20.4 | W100: 19.1 | X100: 15 | Y100: 8.5 | Z100: 1.3 | AA100: -3.1
...

Sheet Hoja2
D1: Radiación Global Mensual en plano Horizontal (Wh/m^2/día)
A2: Ciudad | B2: Latitud | C2: Longitud | D2: Enero | E2: Febrero | F2: Marzo | G2: Abril | H2: Mayo | I2: Junio | J2: Julio | K2: Agosto | L2: Septiembre | M2: Octubre | N2: Noviembre | O2: Diciembre
A3: Albacete | B3: 38°59'51" North | C3: 1°51'36" West | D3: 2330 | E3: 3060 | F3: 4460 | G3: 5330 | H3: 6480 | I3: 7060 | J3: 7090 | K3: 6280 | L3: 5050 | M3: 3660 | N3: 2450 | O3: 2000
A4: Alicante | B4: 38°20'42" North | C4: 0°28'51" West | D4: 2320 | E4: 3090 | F4: 4340 | G4: 5260 | H4: 6370 | I4: 6890 | J4: 6910 | K4: 6090 | L4: 4930 | M4: 3710 | N4: 2380 | O4: 2070
A5: Almería | B5: 36°50'24" North | C5: 2°28'4" West | D5: 2490 | E5: 3210 | F5: 4470 | G5: 5290 | H5: 6420 | I5: 6940 | J5: 6890 | K5: 6050 | L5: 4900 | M5: 3760 | N5: 2530 | O5: 2180
A6: Ávila | B6: 40°39'23" North | C6: 4°42'1" West | D6: 2000 | E6: 2780 | F6: 4560 | G6: 5240 | H6: 6590 | I6: 7280 | J6: 7390 | K6: 6550 | L6: 4950 | M6: 3400 | N6: 2120 | O6: 1600
A7: Badajoz | B7: 38°52'42" North | C7: 6°58'12" West | D7: 2230 | E7: 2880 | F7: 4720 | G7: 5130 | H7: 6610 | I7: 7250 | J7: 7220 | K7: 6650 | L7: 5100 | M7: 3680 | N7: 2320 | O7: 1930
A8: Barcelona | B8: 41°23'16" North | C8: 2°10'11" East | D8: 1890 | E8: 2560 | F8: 3910 | G8: 4900 | H8: 5840 | I8: 6550 | J8: 6580 | K8: 5780 | L8: 4530 | M8: 3160 | N8: 2040 | O8: 1680
A9: Bilbao | B9: 43°15'25" North | C9: 2°55'24" West | D9: 1430 | E9: 2120 | F9: 3500 | G9: 4300 | H9: 5300 | I9: 5860 | J9: 5840 | K9: 5140 | L9: 4160 | M9: 2720 | N9: 1640 | O9: 1230
A10: Burgos | B10: 42°20'27" North | C10: 3°41'59" West | D10: 1700 | E10: 2530 | F10: 4060 | G10: 4880 | H10: 6010 | I10: 6670 | J10: 6750 | K10: 5900 | L10: 4620 | M10: 3100 | N10: 1880 | O10: 1370
A11: Cáceres | B11: 39°28'34" North | C11: 6°22'14" West | D11: 2120 | E11: 2810 | F11: 4620 | G11: 5010 | H11: 6480 | I11: 7200 | J11: 7180 | K11: 6560 | L11: 4980 | M11: 3500 | N11: 2240 | O11: 1770
A12: Cádiz | B12: 36°31'46" North | C12: 6°17'33" West | D12: 2550 | E12: 3160 | F12: 4590 | G12: 5400 | H12: 6760 | I12: 7280 | J12: 7160 | K12: 6530 | L12: 5200 | M12: 3930 | N12: 2540 | O12: 2140
A13: Castellón | B13: 39°59'9" North | C13: 0°2'9" West | D13: 1960 | E13: 2690 | F13: 3880 | G13: 4850 | H13: 5860 | I13: 6380 | J13: 6390 | K13: 5650 | L13: 4570 | M13: 3300 | N13: 2140 | O13: 1680
A14: Ceuta | B14: 35°53'17" North | C14: 5°18'58" West | D14: 2530 | E14: 3110 | F14: 4480 | G14: 5270 | H14: 6550 | I14: 7130 | J14: 6850 | K14: 6260 | L14: 4960 | M14: 3850 | N14: 2470 | O14: 2160
... A54: Zaragoza | B54: 41°39'24" North | C54: 0°52'47" West | D54: 1780 | E54: 2500 | F54: 3890 | G54: 4750 | H54: 5760 | I54: 6390 | J54: 6400 | K54: 5580 | L54: 4530 | M54: 3070 | N54: 1980 | O54: 1520
A55: Capitales Europeas
A56: Amsterdam | B56: 52°22'12" North | C56: 4°53'42" East | D56: 597 | E56: 1370 | F56: 2200 | G56: 3750 | H56: 4900 | I56: 4900 | J56: 4930 | K56: 4160 | L56: 2770 | M56: 1600 | N56: 800 | O56: 449
A57: Atenas | B57: 37°59'1" North | C57: 23°43'45" East | D57: 2060 | E57: 2640 | F57: 3870 | G57: 5240 | H57: 6240 | I57: 7040 | J57: 6950 | K57: 6230 | L57: 5110 | M57: 3420 | N57: 2170 | O57: 1760
A58: Berlín | B58: 52°31'9" North | C58: 13°24'21" East | D58: 630 | E58: 1340 | F58: 2220 | G58: 3660 | H58: 5030 | I58: 4840 | J58: 5010 | K58: 4300 | L58: 2800 | M58: 1670 | N58: 799 | O58: 454
A59: Bruselas | B59: 50°51'1" North | C59: 4°21'6" East | D59: 635 | E59: 1380 | F59: 2150 | G59: 3510 | H59: 4520 | I59: 4620 | J59: 4840 | K59: 4080 | L59: 2740 | M59: 1670 | N59: 864 | O59: 494
A60: Bucarest | B60: 44°26'15" North | C60: 26°5'50" East | D60: 1330 | E60: 2040 | F60: 3150 | G60: 4500 | H60: 5660 | I60: 6000 | J60: 6110 | K60: 5550 | L60: 4270 | M60: 2900 | N60: 1500 | O60: 1090
A61: Budapest | B61: 47°29'54" North | C61: 19°2'26" East | D61: 922 | E61: 1610 | F61: 2780 | G61: 4230 | H61: 5310 | I61: 5800 | J61: 6060 | K61: 5010 | L61: 3620 | M61: 2220 | N61: 1140 | O61: 672
A62: Estocolmo | B62: 59°19'44" North | C62: 18°3'53" East | D62: 299 | E62: 907 | F62: 1980 | G62: 3590 | H62: 5300 | I62: 5360 | J62: 5200 | K62: 3870 | L62: 2450 | M62: 1160 | N62: 445 | O62: 175
A63: Helsinki | B63: 60°9'59" North | C63: 24°56'36" East | D63: 257 | E63: 917 | F63: 2010 | G63: 3710 | H63: 5190 | I63: 5620 | J63: 5460 | K63: 3830 | L63: 2190 | M63: 993 | N63: 329 | O63: 144
A64: Lisboa | B64: 38°43'25" North | C64: 9°8'23" West | D64: 2140 | E64: 2720 | F64: 4360 | G64: 5070 | H64: 6140 | I64: 6900 | J64: 7050 | K64: 6420 | L64: 5070 | M64: 3580 | N64: 2270 | O64: 1900
A65: Londres | B65: 51°30'26" North | C65: 0°7'39" West | D65: 736 | E65: 1350 | F65: 2210 | G65: 3650 | H65: 4640 | I65: 4800 | J65: 4840 | K65: 4150 | L65: 2790 | M65: 1700 | N65: 898 | O65: 524
A66: Luxemburgo | B66: 49°48'54" North | C66: 6°7'46" East | D66: 680 | E66: 1530 | F66: 2340 | G66: 3760 | H66: 4690 | I66: 4910 | J66: 5290 | K66: 4340 | L66: 3030 | M66: 1770 | N66: 949 | O66: 545
A67: Oslo | B67: 59°54'49" North | C67: 10°45'8" East | D67: 258 | E67: 772 | F67: 1710 | G67: 3190 | H67: 4550 | I67: 5170 | J67: 4750 | K67: 3500 | L67: 2210 | M67: 1000 | N67: 370 | O67: 177
... A73: Viena | B73: 48°12'29" North | C73: 16°22'25" East | D73: 924 | E73: 1600 | F73: 2720 | G73: 4080 | H73: 5120 | I73: 5500 | J73: 5700 | K73: 4710 | L73: 3390 | M73: 2110 | N73: 1050 | O73: 691
A74: Ciuadades Africanas
A75: Ciudad del Cabo | B75: 33°55'29" South | C75: 18°25'26" East | D75: 8380 | E75: 7550 | F75: 6110 | G75: 4370 | H75: 3250 | I75: 2760 | J75: 2940 | K75: 3810 | L75: 5040 | M75: 6650 | N75: 7810 | O75: 8430
A76: Dakar | B76: 14°41'34" North | C76: 17°26'48" West | D76: 5200 | E76: 5800 | F76: 6700 | G76: 7060 | H76: 7060 | I76: 7000 | J76: 6330 | K76: 5740 | L76: 5600 | M76: 5790 | N76: 5420 | O76: 5180
A77: El Cairo | B77: 30°2'39" North | C77: 31°14'8" East | D77: 2990 | E77: 3430 | F77: 4470 | G77: 5540 | H77: 6550 | I77: 7430 | J77: 6950 | K77: 6250 | L77: 5400 | M77: 4140 | N77: 3060 | O77: 2730
A78: Kinshasa | B78: 4°19'54" South | C78: 15°18'50" East | D78: 4980 | E78: 5080 | F78: 5260 | G78: 5110 | H78: 4910 | I78: 4700 | J78: 5280 | K78: 5400 | L78: 4910 | M78: 4570 | N78: 4810 | O78: 4790
A79: Nairobi | B79: 1°17'31" South | C79: 36°49'19" East | D79: 6600 | E79: 7010 | F79: 6730 | G79: 6020 | H79: 5350 | I79: 4700 | J79: 4330 | K79: 4620 | L79: 5850 | M79: 6110 | N79: 5830 | O79: 6270
A80: Rabat | B80: 34°0'54" North | C80: 6°49'57" West | D80: 3150 | E80: 4020 | F80: 5570 | G80: 6460 | H80: 7420 | I80: 7970 | J80: 7760 | K80: 7110 | L80: 5980 | M80: 4420 | N80: 3360 | O80: 2840
A81: Ciudades Asiáticas
A82: Bagdag | B82: 33°20'00"N | C82: 44°26'00" E | D82: =Hoja1!D89*$B$105 -> 2960 | E82: =Hoja1!E89*$B$105 -> 4030 | F82: =Hoja1!F89*$B$105 -> 4980 | G82: =Hoja1!G89*$B$105 -> 5390 | H82: =Hoja1!H89*$B$105 -> 6480 | I82: =Hoja1!I89*$B$105 -> 7560 | J82: =Hoja1!J89*$B$105 -> 7000 | K82: =Hoja1!K89*$B$105 -> 6710 | ... O82: =Hoja1!O89*$B$105 -> 2620
A83: Bangkok | B83: 13°45'08"N | C83: 100°29'38"E | D83: =Hoja1!D90*$B$105 -> 5070 | E83: =Hoja1!E90*$B$105 -> 5620 | F83: =Hoja1!F90*$B$105 -> 5990 | G83: =Hoja1!G90*$B$105 -> 6230 | H83: =Hoja1!H90*$B$105 -> 5370 | I83: =Hoja1!I90*$B$105 -> 4930 | J83: =Hoja1!J90*$B$105 -> 4820 | K83: =Hoja1!K90*$B$105 -> 4810 | ... O83: =Hoja1!O90*$B$105 -> 4860
A84: Moscú | B84: 55°48'34" North | C84: 37°36'55" East | D84: 485 | E84: 1230 | F84: 2460 | G84: 3450 | H84: 5280 | I84: 5290 | J84: 5160 | K84: 4180 | L84: 2460 | M84: 1280 | N84: 527 | O84: 332
A85: Pekín | B85: 39°54'14"N | C85: 116°24'25"E | D85: =Hoja1!D91*$B$105 -> 2790 | E85: =Hoja1!E91*$B$105 -> 3690 | F85: =Hoja1!F91*$B$105 -> 4710 | G85: =Hoja1!G91*$B$105 -> 5750 | H85: =Hoja1!H91*$B$105 -> 6170 | I85: =Hoja1!I91*$B$105 -> 5720 | J85: =Hoja1!J91*$B$105 -> 5130 | K85: =Hoja1!K91*$B$105 -> 4670 | ... O85: =Hoja1!O91*$B$105 -> 2470
A86: Riad | B86: 24°38'00"N | C86: 46°43'00"E | D86: =Hoja1!D92*$B$105 -> 3760 | E86: =Hoja1!E92*$B$105 -> 4630 | F86: =Hoja1!F92*$B$105 -> 5380 | G86: =Hoja1!G92*$B$105 -> 6190 | H86: =Hoja1!H92*$B$105 -> 7150 | I86: =Hoja1!I92*$B$105 -> 7870 | J86: =Hoja1!J92*$B$105 -> 7590 | K86: =Hoja1!K92*$B$105 -> 7150 | ... O86: =Hoja1!O92*$B$105 -> 3520
A87: Tokio | B87: 35°42'2"N | C87: 139°42'54"E | D87: =Hoja1!D93*$B$105 -> 3000 | E87: =Hoja1!E93*$B$105 -> 3720 | F87: =Hoja1!F93*$B$105 -> 4170 | G87: =Hoja1!G93*$B$105 -> 4880 | H87: =Hoja1!H93*$B$105 -> 4850 | I87: =Hoja1!I93*$B$105 -> 4210 | J87: =Hoja1!J93*$B$105 -> 4430 | K87: =Hoja1!K93*$B$105 -> 4470 | ... O87: =Hoja1!O93*$B$105 -> 2720
A88: Ciudades Americanas
A89: Norte
A90: Atlanta | B90: 33,65 N | C90: -84.43 | D90: =2.6*1000 -> 2600 | E90: =3.4*1000 -> 3400 | F90: =4.5*1000 -> 4500 | G90: =5.7*1000 -> 5700 | H90: =6.2*1000 -> 6200 | I90: =6.4*1000 -> 6400 | J90: =6.2*1000 -> 6200 | K90: =5.7*1000 -> 5700 | L90: =4.8*1000 -> 4800 | M90: =4.1*1000 -> 4100 | N90: =2.9*1000 -> 2900 | O90: =2.4*1000 -> 2400
A91: LosÁngeles | B91: 33,93 N | C91: -118.4 | D91: =2.8*1000 -> 2800 | E91: =3.6*1000 -> 3600 | F91: =4.8*1000 -> 4800 | G91: =6.1*1000 -> 6100 | H91: =6.4*1000 -> 6400 | I91: =6.6*1000 -> 6600 | J91: =7.1*1000 -> 7100 | K91: =6.5*1000 -> 6500 | L91: =5.3*1000 -> 5300 | M91: =4.2*1000 -> 4200 | N91: =3.2*1000 -> 3200 | O91: =2.6*1000 -> 2600
A92: Las Vegas | B92: 36,08 N | C92: -115.17 | D92: =3*1000 -> 3000 | E92: =4*1000 -> 4000 | F92: =5.4*1000 -> 5400 | G92: =6.9*1000 -> 6900 | H92: =7.8*1000 -> 7800 | I92: =8.4*1000 -> 8400 | J92: =7.9*1000 -> 7900 | K92: =7.2*1000 -> 7200 | L92: =6.2*1000 -> 6200 | M92: =4.7*1000 -> 4700 | N92: =3.4*1000 -> 3400 | O92: =2.8*1000 -> 2800
A93: Miami | B93: 25,8 N | C93: -80.27 | D93: =3.5*1000 -> 3500 | E93: =4.2*1000 -> 4200 | F93: =5.2*1000 -> 5200 | G93: =6*1000 -> 6000 | H93: =6*1000 -> 6000 | I93: =5.6*1000 -> 5600 | J93: =5.8*1000 -> 5800 | K93: =5.6*1000 -> 5600 | L93: =4.9*1000 -> 4900 | M93: =4.4*1000 -> 4400 | N93: =3.7*1000 -> 3700 | O93: =3.3*1000 -> 3300
A94: Nueva York | B94: 40,78 N | C94: -73.97 | D94: =1.9*1000 -> 1900 | E94: =2.7*1000 -> 2700 | F94: =3.8*1000 -> 3800 | G94: =4.9*1000 -> 4900 | H94: =5.7*1000 -> 5700 | I94: =6.1*1000 -> 6100 | J94: =6*1000 -> 6000 | K94: =5.4*1000 -> 5400 | L94: =4.3*1000 -> 4300 | M94: =3.2*1000 -> 3200 | N94: =2*1000 -> 2000 | O94: =1.6*1000 -> 1600
A95: San Diego | B95: 32,73 N | C95: -117.17 | D95: =3.1*1000 -> 3100 | E95: =3.9*1000 -> 3900 | F95: =4.9*1000 -> 4900 | G95: =6.1*1000 -> 6100 | H95: =6.3*1000 -> 6300 | I95: =6.5*1000 -> 6500 | J95: =6.9*1000 -> 6900 | K95: =6.5*1000 -> 6500 | L95: =5.4*1000 -> 5400 | M95: =4.4*1000 -> 4400 | N95: =3.4*1000 -> 3400 | O95: =2.9*1000 -> 2900
A96: Seattle | B96: 47,45 N | C96: -122.3 | D96: =1*1000 -> 1000 | E96: =1.7*1000 -> 1700 | F96: =2.8*1000 -> 2800 | G96: =4.1*1000 -> 4100 | H96: =5.3*1000 -> 5300 | I96: =5.8*1000 -> 5800 | J96: =6.1*1000 -> 6100 | K96: =5.2*1000 -> 5200 | L96: =3.8*1000 -> 3800 | M96: =2.2*1000 -> 2200 | N96: =1.2*1000 -> 1200 | O96: =0.8*1000 -> 800
A97: Washington | B97: 38°53'42" N | C97: 77°02'12" W | D97: =Hoja1!D107*1000 -> 2120 | E97: =Hoja1!E107*1000 -> 2870 | F97: =Hoja1!F107*1000 -> 3910 | G97: =Hoja1!G107*1000 -> 4860 | H97: =Hoja1!H107*1000 -> 5400 | I97: =Hoja1!I107*1000 -> 5800 | J97: =Hoja1!J107*1000 -> 5670 | K97: =Hoja1!K107*1000 -> 5000 | ... O97: =Hoja1!O107*1000 -> 1890
A98: Sur
A99: Buenos Aires | B99: 34°36'30" S | C99: 58°22'19" W | D99: =Hoja1!D115*1000 -> 7050 | E99: =Hoja1!E115*1000 -> 6090 | F99: =Hoja1!F115*1000 -> 4940 | G99: =Hoja1!G115*1000 -> 3640 | H99: =Hoja1!H115*1000 -> 2750 | I99: =Hoja1!I115*1000 -> 2220 | J99: =Hoja1!J115*1000 -> 2460 | K99: =Hoja1!K115*1000 -> 3320 | ... O99: =Hoja1!O115*1000 -> 6970
A100: La Habana | B100: 23°80'00" N | C100: 82°22'00" W | D100: =Hoja1!D123*1000 -> 4090 | E100: =Hoja1!E123*1000 -> 5030 | F100: =Hoja1!F123*1000 -> 6030 | G100: =Hoja1!G123*1000 -> 7010 | H100: =Hoja1!H123*1000 -> 7140 | I100: =Hoja1!I123*1000 -> 6820 | J100: =Hoja1!J123*1000 -> 7050 | K100: =Hoja1!K123*1000 -> 6780 | ... O100: =Hoja1!O123*1000 -> 3770
A101: La Paz | B101: 16°30'00" S | C101: 68°80'00" W | D101: =Hoja1!D117*1000 -> 6000 | E101: =Hoja1!E117*1000 -> 6060 | F101: =Hoja1!F117*1000 -> 5730 | G101: =Hoja1!G117*1000 -> 5720 | H101: =Hoja1!H117*1000 -> 5600 | I101: =Hoja1!I117*1000 -> 5280 | J101: =Hoja1!J117*1000 -> 5430 | K101: =Hoja1!K117*1000 -> 5860 | ... O101: =Hoja1!O117*1000 -> 6680
A102: Lima | B102: 12°02'00" S | C102: 77°01'00" W | D102: =Hoja1!D118*1000 -> 7240 | E102: =Hoja1!E118*1000 -> 7320 | F102: =Hoja1!F118*1000 -> 7140 | G102: =Hoja1!G118*1000 -> 6350 | H102: =Hoja1!H118*1000 -> 4940 | I102: =Hoja1!I118*1000 -> 3400 | J102: =Hoja1!J118*1000 -> 3100 | K102: =Hoja1!K118*1000 -> 3490 | ... O102: =Hoja1!O118*1000 -> 6830
A103: Río Janeiro | B103: 22°54'00" S | C103: 43°13'59" W | D103: =Hoja1!D120*1000 -> 5210 | E103: =Hoja1!E120*1000 -> 5410 | F103: =Hoja1!F120*1000 -> 4760 | G103: =Hoja1!G120*1000 -> 4310 | H103: =Hoja1!H120*1000 -> 3660 | I103: =Hoja1!I120*1000 -> 3650 | J103: =Hoja1!J120*1000 -> 3660 | K103: =Hoja1!K120*1000 -> 4320 | ... O103: =Hoja1!O120*1000 -> 5020
A105: 1 KW = | B105: 1000 | C105: W
B107: **Algunos valores modificados en Hoja 1

Sheet Hoja3
